from,to,amount,asset,timestamp,hash
0x2222222222222222222222222222222222222222,0x1111111111111111111111111111111111111111,1.5,USDT,2026-01-01T00:00:00Z,0x0000000000000000000000000000000000000000000000000000000000000000
0x1111111111111111111111111111111111111111,0x2222222222222222222222222222222222222222,2.5,ETH,2026-02-02T01:00:00Z,0x0000000000000000000000000000000000000000000000000000000000000001
0x2222222222222222222222222222222222222222,0x1111111111111111111111111111111111111111,3.5,ETH,2026-03-03T02:00:00Z,0x0000000000000000000000000000000000000000000000000000000000000002
0x1111111111111111111111111111111111111111,0x2222222222222222222222222222222222222222,4.5,USDT,2026-04-04T03:00:00Z,0x0000000000000000000000000000000000000000000000000000000000000003
0x2222222222222222222222222222222222222222,0x1111111111111111111111111111111111111111,5.5,ETH,2026-05-05T04:00:00Z,0x0000000000000000000000000000000000000000000000000000000000000004
0x1111111111111111111111111111111111111111,0x2222222222222222222222222222222222222222,6.5,ETH,2026-06-06T05:00:00Z,0x0000000000000000000000000000000000000000000000000000000000000005
0x2222222222222222222222222222222222222222,0x1111111111111111111111111111111111111111,7.5,USDT,2026-07-07T06:00:00Z,0x0000000000000000000000000000000000000000000000000000000000000006
0x1111111111111111111111111111111111111111,0x2222222222222222222222222222222222222222,8.5,ETH,2026-08-08T07:00:00Z,0x0000000000000000000000000000000000000000000000000000000000000007
0x2222222222222222222222222222222222222222,0x1111111111111111111111111111111111111111,9.5,ETH,2026-09-09T08:00:00Z,0x0000000000000000000000000000000000000000000000000000000000000008
0x1111111111111111111111111111111111111111,0x2222222222222222222222222222222222222222,10.5,USDT,2026-10-10T09:00:00Z,0x0000000000000000000000000000000000000000000000000000000000000009
0x2222222222222222222222222222222222222222,0x1111111111111111111111111111111111111111,11.5,ETH,2026-11-11T10:00:00Z,0x000000000000000000000000000000000000000000000000000000000000000a
0x1111111111111111111111111111111111111111,0x2222222222222222222222222222222222222222,12.5,ETH,2026-12-12T11:00:00Z,0x000000000000000000000000000000000000000000000000000000000000000b
0x2222222222222222222222222222222222222222,0x1111111111111111111111111111111111111111,13.5,USDT,2026-01-13T12:00:00Z,0x000000000000000000000000000000000000000000000000000000000000000c
0x1111111111111111111111111111111111111111,0x2222222222222222222222222222222222222222,14.5,ETH,2026-02-14T13:00:00Z,0x000000000000000000000000000000000000000000000000000000000000000d
0x2222222222222222222222222222222222222222,0x1111111111111111111111111111111111111111,15.5,ETH,2026-03-15T14:00:00Z,0x000000000000000000000000000000000000000000000000000000000000000e
0x1111111111111111111111111111111111111111,0x2222222222222222222222222222222222222222,16.5,USDT,2026-04-16T15:00:00Z,0x000000000000000000000000000000000000000000000000000000000000000f
0x2222222222222222222222222222222222222222,0x1111111111111111111111111111111111111111,17.5,ETH,2026-05-17T16:00:00Z,0x0000000000000000000000000000000000000000000000000000000000000010
0x1111111111111111111111111111111111111111,0x2222222222222222222222222222222222222222,18.5,ETH,2026-06-18T17:00:00Z,0x0000000000000000000000000000000000000000000000000000000000000011
0x2222222222222222222222222222222222222222,0x1111111111111111111111111111111111111111,19.5,USDT,2026-07-19T18:00:00Z,0x0000000000000000000000000000000000000000000000000000000000000012
0x1111111111111111111111111111111111111111,0x2222222222222222222222222222222222222222,20.5,ETH,2026-08-20T19:00:00Z,0x0000000000000000000000000000000000000000000000000000000000000013
0x2222222222222222222222222222222222222222,0x1111111111111111111111111111111111111111,21.5,ETH,2026-09-21T20:00:00Z,0x0000000000000000000000000000000000000000000000000000000000000014
0x1111111111111111111111111111111111111111,0x2222222222222222222222222222222222222222,22.5,USDT,2026-10-22T21:00:00Z,0x0000000000000000000000000000000000000000000000000000000000000015
0x2222222222222222222222222222222222222222,0x1111111111111111111111111111111111111111,23.5,ETH,2026-11-23T22:00:00Z,0x0000000000000000000000000000000000000000000000000000000000000016
0x1111111111111111111111111111111111111111,0x2222222222222222222222222222222222222222,24.5,ETH,2026-12-24T23:00:00Z,0x0000000000000000000000000000000000000000000000000000000000000017
0x2222222222222222222222222222222222222222,0x1111111111111111111111111111111111111111,25.5,USDT,2026-01-25T00:00:00Z,0x0000000000000000000000000000000000000000000000000000000000000018
0x1111111111111111111111111111111111111111,0x2222222222222222222222222222222222222222,26.5,ETH,2026-02-26T01:00:00Z,0x0000000000000000000000000000000000000000000000000000000000000019
0x2222222222222222222222222222222222222222,0x1111111111111111111111111111111111111111,27.5,ETH,2026-03-27T02:00:00Z,0x000000000000000000000000000000000000000000000000000000000000001a
0x1111111111111111111111111111111111111111,0x2222222222222222222222222222222222222222,28.5,USDT,2026-04-28T03:00:00Z,0x000000000000000000000000000000000000000000000000000000000000001b
0x2222222222222222222222222222222222222222,0x1111111111111111111111111111111111111111,29.5,ETH,2026-05-01T04:00:00Z,0x000000000000000000000000000000000000000000000000000000000000001c
0x1111111111111111111111111111111111111111,0x2222222222222222222222222222222222222222,30.5,ETH,2026-06-02T05:00:00Z,0x000000000000000000000000000000000000000000000000000000000000001d
0x2222222222222222222222222222222222222222,0x1111111111111111111111111111111111111111,31.5,USDT,2026-07-03T06:00:00Z,0x000000000000000000000000000000000000000000000000000000000000001e
0x1111111111111111111111111111111111111111,0x2222222222222222222222222222222222222222,32.5,ETH,2026-08-04T07:00:00Z,0x000000000000000000000000000000000000000000000000000000000000001f
0x2222222222222222222222222222222222222222,0x1111111111111111111111111111111111111111,33.5,ETH,2026-09-05T08:00:00Z,0x0000000000000000000000000000000000000000000000000000000000000020
0x1111111111111111111111111111111111111111,0x2222222222222222222222222222222222222222,34.5,USDT,2026-10-06T09:00:00Z,0x0000000000000000000000000000000000000000000000000000000000000021
0x2222222222222222222222222222222222222222,0x1111111111111111111111111111111111111111,35.5,ETH,2026-11-07T10:00:00Z,0x0000000000000000000000000000000000000000000000000000000000000022
0x1111111111111111111111111111111111111111,0x2222222222222222222222222222222222222222,36.5,ETH,2026-12-08T11:00:00Z,0x0000000000000000000000000000000000000000000000000000000000000023
0x2222222222222222222222222222222222222222,0x1111111111111111111111111111111111111111,37.5,USDT,2026-01-09T12:00:00Z,0x0000000000000000000000000000000000000000000000000000000000000024
0x1111111111111111111111111111111111111111,0x2222222222222222222222222222222222222222,38.5,ETH,2026-02-10T13:00:00Z,0x0000000000000000000000000000000000000000000000000000000000000025
0x2222222222222222222222222222222222222222,0x1111111111111111111111111111111111111111,39.5,ETH,2026-03-11T14:00:00Z,0x0000000000000000000000000000000000000000000000000000000000000026
0x1111111111111111111111111111111111111111,0x2222222222222222222222222222222222222222,40.5,USDT,2026-04-12T15:00:00Z,0x0000000000000000000000000000000000000000000000000000000000000027
0x2222222222222222222222222222222222222222,0x1111111111111111111111111111111111111111,41.5,ETH,2026-05-13T16:00:00Z,0x0000000000000000000000000000000000000000000000000000000000000028
0x1111111111111111111111111111111111111111,0x2222222222222222222222222222222222222222,42.5,ETH,2026-06-14T17:00:00Z,0x0000000000000000000000000000000000000000000000000000000000000029
0x2222222222222222222222222222222222222222,0x1111111111111111111111111111111111111111,43.5,USDT,2026-07-15T18:00:00Z,0x000000000000000000000000000000000000000000000000000000000000002a
0x1111111111111111111111111111111111111111,0x2222222222222222222222222222222222222222,44.5,ETH,2026-08-16T19:00:00Z,0x000000000000000000000000000000000000000000000000000000000000002b
0x2222222222222222222222222222222222222222,0x1111111111111111111111111111111111111111,45.5,ETH,2026-09-17T20:00:00Z,0x000000000000000000000000000000000000000000000000000000000000002c
0x1111111111111111111111111111111111111111,0x2222222222222222222222222222222222222222,46.5,USDT,2026-10-18T21:00:00Z,0x000000000000000000000000000000000000000000000000000000000000002d
0x2222222222222222222222222222222222222222,0x1111111111111111111111111111111111111111,47.5,ETH,2026-11-19T22:00:00Z,0x000000000000000000000000000000000000000000000000000000000000002e
0x1111111111111111111111111111111111111111,0x2222222222222222222222222222222222222222,48.5,ETH,2026-12-20T23:00:00Z,0x000000000000000000000000000000000000000000000000000000000000002f
0x2222222222222222222222222222222222222222,0x1111111111111111111111111111111111111111,49.5,USDT,2026-01-21T00:00:00Z,0x0000000000000000000000000000000000000000000000000000000000000030
0x1111111111111111111111111111111111111111,0x2222222222222222222222222222222222222222,50.5,ETH,2026-02-22T01:00:00Z,0x0000000000000000000000000000000000000000000000000000000000000031
0x2222222222222222222222222222222222222222,0x1111111111111111111111111111111111111111,51.5,ETH,2026-03-23T02:00:00Z,0x0000000000000000000000000000000000000000000000000000000000000032
0x1111111111111111111111111111111111111111,0x2222222222222222222222222222222222222222,52.5,USDT,2026-04-24T03:00:00Z,0x0000000000000000000000000000000000000000000000000000000000000033
0x2222222222222222222222222222222222222222,0x1111111111111111111111111111111111111111,53.5,ETH,2026-05-25T04:00:00Z,0x0000000000000000000000000000000000000000000000000000000000000034
0x1111111111111111111111111111111111111111,0x2222222222222222222222222222222222222222,54.5,ETH,2026-06-26T05:00:00Z,0x0000000000000000000000000000000000000000000000000000000000000035
0x2222222222222222222222222222222222222222,0x1111111111111111111111111111111111111111,55.5,USDT,2026-07-27T06:00:00Z,0x0000000000000000000000000000000000000000000000000000000000000036
0x1111111111111111111111111111111111111111,0x2222222222222222222222222222222222222222,56.5,ETH,2026-08-28T07:00:00Z,0x0000000000000000000000000000000000000000000000000000000000000037
0x2222222222222222222222222222222222222222,0x1111111111111111111111111111111111111111,57.5,ETH,2026-09-01T08:00:00Z,0x0000000000000000000000000000000000000000000000000000000000000038
0x1111111111111111111111111111111111111111,0x2222222222222222222222222222222222222222,58.5,USDT,2026-10-02T09:00:00Z,0x0000000000000000000000000000000000000000000000000000000000000039
0x2222222222222222222222222222222222222222,0x1111111111111111111111111111111111111111,59.5,ETH,2026-11-03T10:00:00Z,0x000000000000000000000000000000000000000000000000000000000000003a
0x1111111111111111111111111111111111111111,0x2222222222222222222222222222222222222222,60.5,ETH,2026-12-04T11:00:00Z,0x000000000000000000000000000000000000000000000000000000000000003b
0x2222222222222222222222222222222222222222,0x1111111111111111111111111111111111111111,61.5,USDT,2026-01-05T12:00:00Z,0x000000000000000000000000000000000000000000000000000000000000003c
0x1111111111111111111111111111111111111111,0x2222222222222222222222222222222222222222,62.5,ETH,2026-02-06T13:00:00Z,0x000000000000000000000000000000000000000000000000000000000000003d
0x2222222222222222222222222222222222222222,0x1111111111111111111111111111111111111111,63.5,ETH,2026-03-07T14:00:00Z,0x000000000000000000000000000000000000000000000000000000000000003e
0x1111111111111111111111111111111111111111,0x2222222222222222222222222222222222222222,64.5,USDT,2026-04-08T15:00:00Z,0x000000000000000000000000000000000000000000000000000000000000003f
0x2222222222222222222222222222222222222222,0x1111111111111111111111111111111111111111,65.5,ETH,2026-05-09T16:00:00Z,0x0000000000000000000000000000000000000000000000000000000000000040
0x1111111111111111111111111111111111111111,0x2222222222222222222222222222222222222222,66.5,ETH,2026-06-10T17:00:00Z,0x0000000000000000000000000000000000000000000000000000000000000041
0x2222222222222222222222222222222222222222,0x1111111111111111111111111111111111111111,67.5,USDT,2026-07-11T18:00:00Z,0x0000000000000000000000000000000000000000000000000000000000000042
0x1111111111111111111111111111111111111111,0x2222222222222222222222222222222222222222,68.5,ETH,2026-08-12T19:00:00Z,0x0000000000000000000000000000000000000000000000000000000000000043
0x2222222222222222222222222222222222222222,0x1111111111111111111111111111111111111111,69.5,ETH,2026-09-13T20:00:00Z,0x0000000000000000000000000000000000000000000000000000000000000044
0x1111111111111111111111111111111111111111,0x2222222222222222222222222222222222222222,70.5,USDT,2026-10-14T21:00:00Z,0x0000000000000000000000000000000000000000000000000000000000000045
0x2222222222222222222222222222222222222222,0x1111111111111111111111111111111111111111,71.5,ETH,2026-11-15T22:00:00Z,0x0000000000000000000000000000000000000000000000000000000000000046
0x1111111111111111111111111111111111111111,0x2222222222222222222222222222222222222222,72.5,ETH,2026-12-16T23:00:00Z,0x0000000000000000000000000000000000000000000000000000000000000047
0x2222222222222222222222222222222222222222,0x1111111111111111111111111111111111111111,73.5,USDT,2026-01-17T00:00:00Z,0x0000000000000000000000000000000000000000000000000000000000000048
0x1111111111111111111111111111111111111111,0x2222222222222222222222222222222222222222,74.5,ETH,2026-02-18T01:00:00Z,0x0000000000000000000000000000000000000000000000000000000000000049
0x2222222222222222222222222222222222222222,0x1111111111111111111111111111111111111111,75.5,ETH,2026-03-19T02:00:00Z,0x000000000000000000000000000000000000000000000000000000000000004a
0x1111111111111111111111111111111111111111,0x2222222222222222222222222222222222222222,76.5,USDT,2026-04-20T03:00:00Z,0x000000000000000000000000000000000000000000000000000000000000004b
0x2222222222222222222222222222222222222222,0x1111111111111111111111111111111111111111,77.5,ETH,2026-05-21T04:00:00Z,0x000000000000000000000000000000000000000000000000000000000000004c
0x1111111111111111111111111111111111111111,0x2222222222222222222222222222222222222222,78.5,ETH,2026-06-22T05:00:00Z,0x000000000000000000000000000000000000000000000000000000000000004d
0x2222222222222222222222222222222222222222,0x1111111111111111111111111111111111111111,79.5,USDT,2026-07-23T06:00:00Z,0x000000000000000000000000000000000000000000000000000000000000004e
0x1111111111111111111111111111111111111111,0x2222222222222222222222222222222222222222,80.5,ETH,2026-08-24T07:00:00Z,0x000000000000000000000000000000000000000000000000000000000000004f
0x2222222222222222222222222222222222222222,0x1111111111111111111111111111111111111111,81.5,ETH,2026-09-25T08:00:00Z,0x0000000000000000000000000000000000000000000000000000000000000050
0x1111111111111111111111111111111111111111,0x2222222222222222222222222222222222222222,82.5,USDT,2026-10-26T09:00:00Z,0x0000000000000000000000000000000000000000000000000000000000000051
0x2222222222222222222222222222222222222222,0x1111111111111111111111111111111111111111,83.5,ETH,2026-11-27T10:00:00Z,0x0000000000000000000000000000000000000000000000000000000000000052
0x1111111111111111111111111111111111111111,0x2222222222222222222222222222222222222222,84.5,ETH,2026-12-28T11:00:00Z,0x0000000000000000000000000000000000000000000000000000000000000053
0x2222222222222222222222222222222222222222,0x1111111111111111111111111111111111111111,85.5,USDT,2026-01-01T12:00:00Z,0x0000000000000000000000000000000000000000000000000000000000000054
0x1111111111111111111111111111111111111111,0x2222222222222222222222222222222222222222,86.5,ETH,2026-02-02T13:00:00Z,0x0000000000000000000000000000000000000000000000000000000000000055
0x2222222222222222222222222222222222222222,0x1111111111111111111111111111111111111111,87.5,ETH,2026-03-03T14:00:00Z,0x0000000000000000000000000000000000000000000000000000000000000056
0x1111111111111111111111111111111111111111,0x2222222222222222222222222222222222222222,88.5,USDT,2026-04-04T15:00:00Z,0x0000000000000000000000000000000000000000000000000000000000000057
0x2222222222222222222222222222222222222222,0x1111111111111111111111111111111111111111,89.5,ETH,2026-05-05T16:00:00Z,0x0000000000000000000000000000000000000000000000000000000000000058
0x1111111111111111111111111111111111111111,0x2222222222222222222222222222222222222222,90.5,ETH,2026-06-06T17:00:00Z,0x0000000000000000000000000000000000000000000000000000000000000059
0x2222222222222222222222222222222222222222,0x1111111111111111111111111111111111111111,91.5,USDT,2026-07-07T18:00:00Z,0x000000000000000000000000000000000000000000000000000000000000005a
0x1111111111111111111111111111111111111111,0x2222222222222222222222222222222222222222,92.5,ETH,2026-08-08T19:00:00Z,0x000000000000000000000000000000000000000000000000000000000000005b
0x2222222222222222222222222222222222222222,0x1111111111111111111111111111111111111111,93.5,ETH,2026-09-09T20:00:00Z,0x000000000000000000000000000000000000000000000000000000000000005c
0x1111111111111111111111111111111111111111,0x2222222222222222222222222222222222222222,94.5,USDT,2026-10-10T21:00:00Z,0x000000000000000000000000000000000000000000000000000000000000005d
0x2222222222222222222222222222222222222222,0x1111111111111111111111111111111111111111,95.5,ETH,2026-11-11T22:00:00Z,0x000000000000000000000000000000000000000000000000000000000000005e
0x1111111111111111111111111111111111111111,0x2222222222222222222222222222222222222222,96.5,ETH,2026-12-12T23:00:00Z,0x000000000000000000000000000000000000000000000000000000000000005f
0x2222222222222222222222222222222222222222,0x1111111111111111111111111111111111111111,97.5,USDT,2026-01-13T00:00:00Z,0x0000000000000000000000000000000000000000000000000000000000000060
0x1111111111111111111111111111111111111111,0x2222222222222222222222222222222222222222,98.5,ETH,2026-02-14T01:00:00Z,0x0000000000000000000000000000000000000000000000000000000000000061
0x2222222222222222222222222222222222222222,0x1111111111111111111111111111111111111111,99.5,ETH,2026-03-15T02:00:00Z,0x0000000000000000000000000000000000000000000000000000000000000062
0x1111111111111111111111111111111111111111,0x2222222222222222222222222222222222222222,100.5,USDT,2026-04-16T03:00:00Z,0x0000000000000000000000000000000000000000000000000000000000000063
0x2222222222222222222222222222222222222222,0x1111111111111111111111111111111111111111,1.5,ETH,2026-05-17T04:00:00Z,0x0000000000000000000000000000000000000000000000000000000000000064
0x1111111111111111111111111111111111111111,0x2222222222222222222222222222222222222222,2.5,ETH,2026-06-18T05:00:00Z,0x0000000000000000000000000000000000000000000000000000000000000065
0x2222222222222222222222222222222222222222,0x1111111111111111111111111111111111111111,3.5,USDT,2026-07-19T06:00:00Z,0x0000000000000000000000000000000000000000000000000000000000000066
0x1111111111111111111111111111111111111111,0x2222222222222222222222222222222222222222,4.5,ETH,2026-08-20T07:00:00Z,0x0000000000000000000000000000000000000000000000000000000000000067
0x2222222222222222222222222222222222222222,0x1111111111111111111111111111111111111111,5.5,ETH,2026-09-21T08:00:00Z,0x0000000000000000000000000000000000000000000000000000000000000068
0x1111111111111111111111111111111111111111,0x2222222222222222222222222222222222222222,6.5,USDT,2026-10-22T09:00:00Z,0x0000000000000000000000000000000000000000000000000000000000000069
0x2222222222222222222222222222222222222222,0x1111111111111111111111111111111111111111,7.5,ETH,2026-11-23T10:00:00Z,0x000000000000000000000000000000000000000000000000000000000000006a
0x1111111111111111111111111111111111111111,0x2222222222222222222222222222222222222222,8.5,ETH,2026-12-24T11:00:00Z,0x000000000000000000000000000000000000000000000000000000000000006b
0x2222222222222222222222222222222222222222,0x1111111111111111111111111111111111111111,9.5,USDT,2026-01-25T12:00:00Z,0x000000000000000000000000000000000000000000000000000000000000006c
0x1111111111111111111111111111111111111111,0x2222222222222222222222222222222222222222,10.5,ETH,2026-02-26T13:00:00Z,0x000000000000000000000000000000000000000000000000000000000000006d
0x2222222222222222222222222222222222222222,0x1111111111111111111111111111111111111111,11.5,ETH,2026-03-27T14:00:00Z,0x000000000000000000000000000000000000000000000000000000000000006e
0x1111111111111111111111111111111111111111,0x2222222222222222222222222222222222222222,12.5,USDT,2026-04-28T15:00:00Z,0x000000000000000000000000000000000000000000000000000000000000006f
0x2222222222222222222222222222222222222222,0x1111111111111111111111111111111111111111,13.5,ETH,2026-05-01T16:00:00Z,0x0000000000000000000000000000000000000000000000000000000000000070
0x1111111111111111111111111111111111111111,0x2222222222222222222222222222222222222222,14.5,ETH,2026-06-02T17:00:00Z,0x0000000000000000000000000000000000000000000000000000000000000071
0x2222222222222222222222222222222222222222,0x1111111111111111111111111111111111111111,15.5,USDT,2026-07-03T18:00:00Z,0x0000000000000000000000000000000000000000000000000000000000000072
0x1111111111111111111111111111111111111111,0x2222222222222222222222222222222222222222,16.5,ETH,2026-08-04T19:00:00Z,0x0000000000000000000000000000000000000000000000000000000000000073
0x2222222222222222222222222222222222222222,0x1111111111111111111111111111111111111111,17.5,ETH,2026-09-05T20:00:00Z,0x0000000000000000000000000000000000000000000000000000000000000074
0x1111111111111111111111111111111111111111,0x2222222222222222222222222222222222222222,18.5,USDT,2026-10-06T21:00:00Z,0x0000000000000000000000000000000000000000000000000000000000000075
0x2222222222222222222222222222222222222222,0x1111111111111111111111111111111111111111,19.5,ETH,2026-11-07T22:00:00Z,0x0000000000000000000000000000000000000000000000000000000000000076
0x1111111111111111111111111111111111111111,0x2222222222222222222222222222222222222222,20.5,ETH,2026-12-08T23:00:00Z,0x0000000000000000000000000000000000000000000000000000000000000077
0x2222222222222222222222222222222222222222,0x1111111111111111111111111111111111111111,21.5,USDT,2026-01-09T00:00:00Z,0x0000000000000000000000000000000000000000000000000000000000000078
0x1111111111111111111111111111111111111111,0x2222222222222222222222222222222222222222,22.5,ETH,2026-02-10T01:00:00Z,0x0000000000000000000000000000000000000000000000000000000000000079
0x2222222222222222222222222222222222222222,0x1111111111111111111111111111111111111111,23.5,ETH,2026-03-11T02:00:00Z,0x000000000000000000000000000000000000000000000000000000000000007a
0x1111111111111111111111111111111111111111,0x2222222222222222222222222222222222222222,24.5,USDT,2026-04-12T03:00:00Z,0x000000000000000000000000000000000000000000000000000000000000007b
0x2222222222222222222222222222222222222222,0x1111111111111111111111111111111111111111,25.5,ETH,2026-05-13T04:00:00Z,0x000000000000000000000000000000000000000000000000000000000000007c
0x1111111111111111111111111111111111111111,0x2222222222222222222222222222222222222222,26.5,ETH,2026-06-14T05:00:00Z,0x000000000000000000000000000000000000000000000000000000000000007d
0x2222222222222222222222222222222222222222,0x1111111111111111111111111111111111111111,27.5,USDT,2026-07-15T06:00:00Z,0x000000000000000000000000000000000000000000000000000000000000007e
0x1111111111111111111111111111111111111111,0x2222222222222222222222222222222222222222,28.5,ETH,2026-08-16T07:00:00Z,0x000000000000000000000000000000000000000000000000000000000000007f
0x2222222222222222222222222222222222222222,0x1111111111111111111111111111111111111111,29.5,ETH,2026-09-17T08:00:00Z,0x0000000000000000000000000000000000000000000000000000000000000080
0x1111111111111111111111111111111111111111,0x2222222222222222222222222222222222222222,30.5,USDT,2026-10-18T09:00:00Z,0x0000000000000000000000000000000000000000000000000000000000000081
0x2222222222222222222222222222222222222222,0x1111111111111111111111111111111111111111,31.5,ETH,2026-11-19T10:00:00Z,0x0000000000000000000000000000000000000000000000000000000000000082
0x1111111111111111111111111111111111111111,0x2222222222222222222222222222222222222222,32.5,ETH,2026-12-20T11:00:00Z,0x0000000000000000000000000000000000000000000000000000000000000083
0x2222222222222222222222222222222222222222,0x1111111111111111111111111111111111111111,33.5,USDT,2026-01-21T12:00:00Z,0x0000000000000000000000000000000000000000000000000000000000000084
0x1111111111111111111111111111111111111111,0x2222222222222222222222222222222222222222,34.5,ETH,2026-02-22T13:00:00Z,0x0000000000000000000000000000000000000000000000000000000000000085
0x2222222222222222222222222222222222222222,0x1111111111111111111111111111111111111111,35.5,ETH,2026-03-23T14:00:00Z,0x0000000000000000000000000000000000000000000000000000000000000086
0x1111111111111111111111111111111111111111,0x2222222222222222222222222222222222222222,36.5,USDT,2026-04-24T15:00:00Z,0x0000000000000000000000000000000000000000000000000000000000000087
0x2222222222222222222222222222222222222222,0x1111111111111111111111111111111111111111,37.5,ETH,2026-05-25T16:00:00Z,0x0000000000000000000000000000000000000000000000000000000000000088
0x1111111111111111111111111111111111111111,0x2222222222222222222222222222222222222222,38.5,ETH,2026-06-26T17:00:00Z,0x0000000000000000000000000000000000000000000000000000000000000089
0x2222222222222222222222222222222222222222,0x1111111111111111111111111111111111111111,39.5,USDT,2026-07-27T18:00:00Z,0x000000000000000000000000000000000000000000000000000000000000008a
0x1111111111111111111111111111111111111111,0x2222222222222222222222222222222222222222,40.5,ETH,2026-08-28T19:00:00Z,0x000000000000000000000000000000000000000000000000000000000000008b
0x2222222222222222222222222222222222222222,0x1111111111111111111111111111111111111111,41.5,ETH,2026-09-01T20:00:00Z,0x000000000000000000000000000000000000000000000000000000000000008c
0x1111111111111111111111111111111111111111,0x2222222222222222222222222222222222222222,42.5,USDT,2026-10-02T21:00:00Z,0x000000000000000000000000000000000000000000000000000000000000008d
0x2222222222222222222222222222222222222222,0x1111111111111111111111111111111111111111,43.5,ETH,2026-11-03T22:00:00Z,0x000000000000000000000000000000000000000000000000000000000000008e
0x1111111111111111111111111111111111111111,0x2222222222222222222222222222222222222222,44.5,ETH,2026-12-04T23:00:00Z,0x000000000000000000000000000000000000000000000000000000000000008f
0x2222222222222222222222222222222222222222,0x1111111111111111111111111111111111111111,45.5,USDT,2026-01-05T00:00:00Z,0x0000000000000000000000000000000000000000000000000000000000000090
0x1111111111111111111111111111111111111111,0x2222222222222222222222222222222222222222,46.5,ETH,2026-02-06T01:00:00Z,0x0000000000000000000000000000000000000000000000000000000000000091
0x2222222222222222222222222222222222222222,0x1111111111111111111111111111111111111111,47.5,ETH,2026-03-07T02:00:00Z,0x0000000000000000000000000000000000000000000000000000000000000092
0x1111111111111111111111111111111111111111,0x2222222222222222222222222222222222222222,48.5,USDT,2026-04-08T03:00:00Z,0x0000000000000000000000000000000000000000000000000000000000000093
0x2222222222222222222222222222222222222222,0x1111111111111111111111111111111111111111,49.5,ETH,2026-05-09T04:00:00Z,0x0000000000000000000000000000000000000000000000000000000000000094
0x1111111111111111111111111111111111111111,0x2222222222222222222222222222222222222222,50.5,ETH,2026-06-10T05:00:00Z,0x0000000000000000000000000000000000000000000000000000000000000095
0x2222222222222222222222222222222222222222,0x1111111111111111111111111111111111111111,51.5,USDT,2026-07-11T06:00:00Z,0x0000000000000000000000000000000000000000000000000000000000000096
0x1111111111111111111111111111111111111111,0x2222222222222222222222222222222222222222,52.5,ETH,2026-08-12T07:00:00Z,0x0000000000000000000000000000000000000000000000000000000000000097
0x2222222222222222222222222222222222222222,0x1111111111111111111111111111111111111111,53.5,ETH,2026-09-13T08:00:00Z,0x0000000000000000000000000000000000000000000000000000000000000098
0x1111111111111111111111111111111111111111,0x2222222222222222222222222222222222222222,54.5,USDT,2026-10-14T09:00:00Z,0x0000000000000000000000000000000000000000000000000000000000000099
0x2222222222222222222222222222222222222222,0x1111111111111111111111111111111111111111,55.5,ETH,2026-11-15T10:00:00Z,0x000000000000000000000000000000000000000000000000000000000000009a
0x1111111111111111111111111111111111111111,0x2222222222222222222222222222222222222222,56.5,ETH,2026-12-16T11:00:00Z,0x000000000000000000000000000000000000000000000000000000000000009b
0x2222222222222222222222222222222222222222,0x1111111111111111111111111111111111111111,57.5,USDT,2026-01-17T12:00:00Z,0x000000000000000000000000000000000000000000000000000000000000009c
0x1111111111111111111111111111111111111111,0x2222222222222222222222222222222222222222,58.5,ETH,2026-02-18T13:00:00Z,0x000000000000000000000000000000000000000000000000000000000000009d
0x2222222222222222222222222222222222222222,0x1111111111111111111111111111111111111111,59.5,ETH,2026-03-19T14:00:00Z,0x000000000000000000000000000000000000000000000000000000000000009e
0x1111111111111111111111111111111111111111,0x2222222222222222222222222222222222222222,60.5,USDT,2026-04-20T15:00:00Z,0x000000000000000000000000000000000000000000000000000000000000009f
0x2222222222222222222222222222222222222222,0x1111111111111111111111111111111111111111,61.5,ETH,2026-05-21T16:00:00Z,0x00000000000000000000000000000000000000000000000000000000000000a0
0x1111111111111111111111111111111111111111,0x2222222222222222222222222222222222222222,62.5,ETH,2026-06-22T17:00:00Z,0x00000000000000000000000000000000000000000000000000000000000000a1
0x2222222222222222222222222222222222222222,0x1111111111111111111111111111111111111111,63.5,USDT,2026-07-23T18:00:00Z,0x00000000000000000000000000000000000000000000000000000000000000a2
0x1111111111111111111111111111111111111111,0x2222222222222222222222222222222222222222,64.5,ETH,2026-08-24T19:00:00Z,0x00000000000000000000000000000000000000000000000000000000000000a3
0x2222222222222222222222222222222222222222,0x1111111111111111111111111111111111111111,65.5,ETH,2026-09-25T20:00:00Z,0x00000000000000000000000000000000000000000000000000000000000000a4
0x1111111111111111111111111111111111111111,0x2222222222222222222222222222222222222222,66.5,USDT,2026-10-26T21:00:00Z,0x00000000000000000000000000000000000000000000000000000000000000a5
0x2222222222222222222222222222222222222222,0x1111111111111111111111111111111111111111,67.5,ETH,2026-11-27T22:00:00Z,0x00000000000000000000000000000000000000000000000000000000000000a6
0x1111111111111111111111111111111111111111,0x2222222222222222222222222222222222222222,68.5,ETH,2026-12-28T23:00:00Z,0x00000000000000000000000000000000000000000000000000000000000000a7
0x2222222222222222222222222222222222222222,0x1111111111111111111111111111111111111111,69.5,USDT,2026-01-01T00:00:00Z,0x00000000000000000000000000000000000000000000000000000000000000a8
0x1111111111111111111111111111111111111111,0x2222222222222222222222222222222222222222,70.5,ETH,2026-02-02T01:00:00Z,0x00000000000000000000000000000000000000000000000000000000000000a9
0x2222222222222222222222222222222222222222,0x1111111111111111111111111111111111111111,71.5,ETH,2026-03-03T02:00:00Z,0x00000000000000000000000000000000000000000000000000000000000000aa
0x1111111111111111111111111111111111111111,0x2222222222222222222222222222222222222222,72.5,USDT,2026-04-04T03:00:00Z,0x00000000000000000000000000000000000000000000000000000000000000ab
0x2222222222222222222222222222222222222222,0x1111111111111111111111111111111111111111,73.5,ETH,2026-05-05T04:00:00Z,0x00000000000000000000000000000000000000000000000000000000000000ac
0x1111111111111111111111111111111111111111,0x2222222222222222222222222222222222222222,74.5,ETH,2026-06-06T05:00:00Z,0x00000000000000000000000000000000000000000000000000000000000000ad
0x2222222222222222222222222222222222222222,0x1111111111111111111111111111111111111111,75.5,USDT,2026-07-07T06:00:00Z,0x00000000000000000000000000000000000000000000000000000000000000ae
0x1111111111111111111111111111111111111111,0x2222222222222222222222222222222222222222,76.5,ETH,2026-08-08T07:00:00Z,0x00000000000000000000000000000000000000000000000000000000000000af
0x2222222222222222222222222222222222222222,0x1111111111111111111111111111111111111111,77.5,ETH,2026-09-09T08:00:00Z,0x00000000000000000000000000000000000000000000000000000000000000b0
0x1111111111111111111111111111111111111111,0x2222222222222222222222222222222222222222,78.5,USDT,2026-10-10T09:00:00Z,0x00000000000000000000000000000000000000000000000000000000000000b1
0x2222222222222222222222222222222222222222,0x1111111111111111111111111111111111111111,79.5,ETH,2026-11-11T10:00:00Z,0x00000000000000000000000000000000000000000000000000000000000000b2
0x1111111111111111111111111111111111111111,0x2222222222222222222222222222222222222222,80.5,ETH,2026-12-12T11:00:00Z,0x00000000000000000000000000000000000000000000000000000000000000b3
0x2222222222222222222222222222222222222222,0x1111111111111111111111111111111111111111,81.5,USDT,2026-01-13T12:00:00Z,0x00000000000000000000000000000000000000000000000000000000000000b4
0x1111111111111111111111111111111111111111,0x2222222222222222222222222222222222222222,82.5,ETH,2026-02-14T13:00:00Z,0x00000000000000000000000000000000000000000000000000000000000000b5
0x2222222222222222222222222222222222222222,0x1111111111111111111111111111111111111111,83.5,ETH,2026-03-15T14:00:00Z,0x00000000000000000000000000000000000000000000000000000000000000b6
0x1111111111111111111111111111111111111111,0x2222222222222222222222222222222222222222,84.5,USDT,2026-04-16T15:00:00Z,0x00000000000000000000000000000000000000000000000000000000000000b7
0x2222222222222222222222222222222222222222,0x1111111111111111111111111111111111111111,85.5,ETH,2026-05-17T16:00:00Z,0x00000000000000000000000000000000000000000000000000000000000000b8
0x1111111111111111111111111111111111111111,0x2222222222222222222222222222222222222222,86.5,ETH,2026-06-18T17:00:00Z,0x00000000000000000000000000000000000000000000000000000000000000b9
0x2222222222222222222222222222222222222222,0x1111111111111111111111111111111111111111,87.5,USDT,2026-07-19T18:00:00Z,0x00000000000000000000000000000000000000000000000000000000000000ba
0x1111111111111111111111111111111111111111,0x2222222222222222222222222222222222222222,88.5,ETH,2026-08-20T19:00:00Z,0x00000000000000000000000000000000000000000000000000000000000000bb
0x2222222222222222222222222222222222222222,0x1111111111111111111111111111111111111111,89.5,ETH,2026-09-21T20:00:00Z,0x00000000000000000000000000000000000000000000000000000000000000bc
0x1111111111111111111111111111111111111111,0x2222222222222222222222222222222222222222,90.5,USDT,2026-10-22T21:00:00Z,0x00000000000000000000000000000000000000000000000000000000000000bd
0x2222222222222222222222222222222222222222,0x1111111111111111111111111111111111111111,91.5,ETH,2026-11-23T22:00:00Z,0x00000000000000000000000000000000000000000000000000000000000000be
0x1111111111111111111111111111111111111111,0x2222222222222222222222222222222222222222,92.5,ETH,2026-12-24T23:00:00Z,0x00000000000000000000000000000000000000000000000000000000000000bf
0x2222222222222222222222222222222222222222,0x1111111111111111111111111111111111111111,93.5,USDT,2026-01-25T00:00:00Z,0x00000000000000000000000000000000000000000000000000000000000000c0
0x1111111111111111111111111111111111111111,0x2222222222222222222222222222222222222222,94.5,ETH,2026-02-26T01:00:00Z,0x00000000000000000000000000000000000000000000000000000000000000c1
0x2222222222222222222222222222222222222222,0x1111111111111111111111111111111111111111,95.5,ETH,2026-03-27T02:00:00Z,0x00000000000000000000000000000000000000000000000000000000000000c2
0x1111111111111111111111111111111111111111,0x2222222222222222222222222222222222222222,96.5,USDT,2026-04-28T03:00:00Z,0x00000000000000000000000000000000000000000000000000000000000000c3
0x2222222222222222222222222222222222222222,0x1111111111111111111111111111111111111111,97.5,ETH,2026-05-01T04:00:00Z,0x00000000000000000000000000000000000000000000000000000000000000c4
0x1111111111111111111111111111111111111111,0x2222222222222222222222222222222222222222,98.5,ETH,2026-06-02T05:00:00Z,0x00000000000000000000000000000000000000000000000000000000000000c5
0x2222222222222222222222222222222222222222,0x1111111111111111111111111111111111111111,99.5,USDT,2026-07-03T06:00:00Z,0x00000000000000000000000000000000000000000000000000000000000000c6
0x1111111111111111111111111111111111111111,0x2222222222222222222222222222222222222222,100.5,ETH,2026-08-04T07:00:00Z,0x00000000000000000000000000000000000000000000000000000000000000c7
0x2222222222222222222222222222222222222222,0x1111111111111111111111111111111111111111,1.5,ETH,2026-09-05T08:00:00Z,0x00000000000000000000000000000000000000000000000000000000000000c8
0x1111111111111111111111111111111111111111,0x2222222222222222222222222222222222222222,2.5,USDT,2026-10-06T09:00:00Z,0x00000000000000000000000000000000000000000000000000000000000000c9
0x2222222222222222222222222222222222222222,0x1111111111111111111111111111111111111111,3.5,ETH,2026-11-07T10:00:00Z,0x00000000000000000000000000000000000000000000000000000000000000ca
0x1111111111111111111111111111111111111111,0x2222222222222222222222222222222222222222,4.5,ETH,2026-12-08T11:00:00Z,0x00000000000000000000000000000000000000000000000000000000000000cb
0x2222222222222222222222222222222222222222,0x1111111111111111111111111111111111111111,5.5,USDT,2026-01-09T12:00:00Z,0x00000000000000000000000000000000000000000000000000000000000000cc
0x1111111111111111111111111111111111111111,0x2222222222222222222222222222222222222222,6.5,ETH,2026-02-10T13:00:00Z,0x00000000000000000000000000000000000000000000000000000000000000cd
0x2222222222222222222222222222222222222222,0x1111111111111111111111111111111111111111,7.5,ETH,2026-03-11T14:00:00Z,0x00000000000000000000000000000000000000000000000000000000000000ce
0x1111111111111111111111111111111111111111,0x2222222222222222222222222222222222222222,8.5,USDT,2026-04-12T15:00:00Z,0x00000000000000000000000000000000000000000000000000000000000000cf
0x2222222222222222222222222222222222222222,0x1111111111111111111111111111111111111111,9.5,ETH,2026-05-13T16:00:00Z,0x00000000000000000000000000000000000000000000000000000000000000d0
0x1111111111111111111111111111111111111111,0x2222222222222222222222222222222222222222,10.5,ETH,2026-06-14T17:00:00Z,0x00000000000000000000000000000000000000000000000000000000000000d1
0x2222222222222222222222222222222222222222,0x1111111111111111111111111111111111111111,11.5,USDT,2026-07-15T18:00:00Z,0x00000000000000000000000000000000000000000000000000000000000000d2
0x1111111111111111111111111111111111111111,0x2222222222222222222222222222222222222222,12.5,ETH,2026-08-16T19:00:00Z,0x00000000000000000000000000000000000000000000000000000000000000d3
0x2222222222222222222222222222222222222222,0x1111111111111111111111111111111111111111,13.5,ETH,2026-09-17T20:00:00Z,0x00000000000000000000000000000000000000000000000000000000000000d4
0x1111111111111111111111111111111111111111,0x2222222222222222222222222222222222222222,14.5,USDT,2026-10-18T21:00:00Z,0x00000000000000000000000000000000000000000000000000000000000000d5
0x2222222222222222222222222222222222222222,0x1111111111111111111111111111111111111111,15.5,ETH,2026-11-19T22:00:00Z,0x00000000000000000000000000000000000000000000000000000000000000d6
0x1111111111111111111111111111111111111111,0x2222222222222222222222222222222222222222,16.5,ETH,2026-12-20T23:00:00Z,0x00000000000000000000000000000000000000000000000000000000000000d7
0x2222222222222222222222222222222222222222,0x1111111111111111111111111111111111111111,17.5,USDT,2026-01-21T00:00:00Z,0x00000000000000000000000000000000000000000000000000000000000000d8
0x1111111111111111111111111111111111111111,0x2222222222222222222222222222222222222222,18.5,ETH,2026-02-22T01:00:00Z,0x00000000000000000000000000000000000000000000000000000000000000d9
0x2222222222222222222222222222222222222222,0x1111111111111111111111111111111111111111,19.5,ETH,2026-03-23T02:00:00Z,0x00000000000000000000000000000000000000000000000000000000000000da
0x1111111111111111111111111111111111111111,0x2222222222222222222222222222222222222222,20.5,USDT,2026-04-24T03:00:00Z,0x00000000000000000000000000000000000000000000000000000000000000db
0x2222222222222222222222222222222222222222,0x1111111111111111111111111111111111111111,21.5,ETH,2026-05-25T04:00:00Z,0x00000000000000000000000000000000000000000000000000000000000000dc
0x1111111111111111111111111111111111111111,0x2222222222222222222222222222222222222222,22.5,ETH,2026-06-26T05:00:00Z,0x00000000000000000000000000000000000000000000000000000000000000dd
0x2222222222222222222222222222222222222222,0x1111111111111111111111111111111111111111,23.5,USDT,2026-07-27T06:00:00Z,0x00000000000000000000000000000000000000000000000000000000000000de
0x1111111111111111111111111111111111111111,0x2222222222222222222222222222222222222222,24.5,ETH,2026-08-28T07:00:00Z,0x00000000000000000000000000000000000000000000000000000000000000df
0x2222222222222222222222222222222222222222,0x1111111111111111111111111111111111111111,25.5,ETH,2026-09-01T08:00:00Z,0x00000000000000000000000000000000000000000000000000000000000000e0
0x1111111111111111111111111111111111111111,0x2222222222222222222222222222222222222222,26.5,USDT,2026-10-02T09:00:00Z,0x00000000000000000000000000000000000000000000000000000000000000e1
0x2222222222222222222222222222222222222222,0x1111111111111111111111111111111111111111,27.5,ETH,2026-11-03T10:00:00Z,0x00000000000000000000000000000000000000000000000000000000000000e2
0x1111111111111111111111111111111111111111,0x2222222222222222222222222222222222222222,28.5,ETH,2026-12-04T11:00:00Z,0x00000000000000000000000000000000000000000000000000000000000000e3
0x2222222222222222222222222222222222222222,0x1111111111111111111111111111111111111111,29.5,USDT,2026-01-05T12:00:00Z,0x00000000000000000000000000000000000000000000000000000000000000e4
0x1111111111111111111111111111111111111111,0x2222222222222222222222222222222222222222,30.5,ETH,2026-02-06T13:00:00Z,0x00000000000000000000000000000000000000000000000000000000000000e5
0x2222222222222222222222222222222222222222,0x1111111111111111111111111111111111111111,31.5,ETH,2026-03-07T14:00:00Z,0x00000000000000000000000000000000000000000000000000000000000000e6
0x1111111111111111111111111111111111111111,0x2222222222222222222222222222222222222222,32.5,USDT,2026-04-08T15:00:00Z,0x00000000000000000000000000000000000000000000000000000000000000e7
0x2222222222222222222222222222222222222222,0x1111111111111111111111111111111111111111,33.5,ETH,2026-05-09T16:00:00Z,0x00000000000000000000000000000000000000000000000000000000000000e8
0x1111111111111111111111111111111111111111,0x2222222222222222222222222222222222222222,34.5,ETH,2026-06-10T17:00:00Z,0x00000000000000000000000000000000000000000000000000000000000000e9
0x2222222222222222222222222222222222222222,0x1111111111111111111111111111111111111111,35.5,USDT,2026-07-11T18:00:00Z,0x00000000000000000000000000000000000000000000000000000000000000ea
0x1111111111111111111111111111111111111111,0x2222222222222222222222222222222222222222,36.5,ETH,2026-08-12T19:00:00Z,0x00000000000000000000000000000000000000000000000000000000000000eb
0x2222222222222222222222222222222222222222,0x1111111111111111111111111111111111111111,37.5,ETH,2026-09-13T20:00:00Z,0x00000000000000000000000000000000000000000000000000000000000000ec
0x1111111111111111111111111111111111111111,0x2222222222222222222222222222222222222222,38.5,USDT,2026-10-14T21:00:00Z,0x00000000000000000000000000000000000000000000000000000000000000ed
0x2222222222222222222222222222222222222222,0x1111111111111111111111111111111111111111,39.5,ETH,2026-11-15T22:00:00Z,0x00000000000000000000000000000000000000000000000000000000000000ee
0x1111111111111111111111111111111111111111,0x2222222222222222222222222222222222222222,40.5,ETH,2026-12-16T23:00:00Z,0x00000000000000000000000000000000000000000000000000000000000000ef
0x2222222222222222222222222222222222222222,0x1111111111111111111111111111111111111111,41.5,USDT,2026-01-17T00:00:00Z,0x00000000000000000000000000000000000000000000000000000000000000f0
0x1111111111111111111111111111111111111111,0x2222222222222222222222222222222222222222,42.5,ETH,2026-02-18T01:00:00Z,0x00000000000000000000000000000000000000000000000000000000000000f1
0x2222222222222222222222222222222222222222,0x1111111111111111111111111111111111111111,43.5,ETH,2026-03-19T02:00:00Z,0x00000000000000000000000000000000000000000000000000000000000000f2
0x1111111111111111111111111111111111111111,0x2222222222222222222222222222222222222222,44.5,USDT,2026-04-20T03:00:00Z,0x00000000000000000000000000000000000000000000000000000000000000f3
0x2222222222222222222222222222222222222222,0x1111111111111111111111111111111111111111,45.5,ETH,2026-05-21T04:00:00Z,0x00000000000000000000000000000000000000000000000000000000000000f4
0x1111111111111111111111111111111111111111,0x2222222222222222222222222222222222222222,46.5,ETH,2026-06-22T05:00:00Z,0x00000000000000000000000000000000000000000000000000000000000000f5
0x2222222222222222222222222222222222222222,0x1111111111111111111111111111111111111111,47.5,USDT,2026-07-23T06:00:00Z,0x00000000000000000000000000000000000000000000000000000000000000f6
0x1111111111111111111111111111111111111111,0x2222222222222222222222222222222222222222,48.5,ETH,2026-08-24T07:00:00Z,0x00000000000000000000000000000000000000000000000000000000000000f7
0x2222222222222222222222222222222222222222,0x1111111111111111111111111111111111111111,49.5,ETH,2026-09-25T08:00:00Z,0x00000000000000000000000000000000000000000000000000000000000000f8
0x1111111111111111111111111111111111111111,0x2222222222222222222222222222222222222222,50.5,USDT,2026-10-26T09:00:00Z,0x00000000000000000000000000000000000000000000000000000000000000f9
0x2222222222222222222222222222222222222222,0x1111111111111111111111111111111111111111,51.5,ETH,2026-11-27T10:00:00Z,0x00000000000000000000000000000000000000000000000000000000000000fa
0x1111111111111111111111111111111111111111,0x2222222222222222222222222222222222222222,52.5,ETH,2026-12-28T11:00:00Z,0x00000000000000000000000000000000000000000000000000000000000000fb
0x2222222222222222222222222222222222222222,0x1111111111111111111111111111111111111111,53.5,USDT,2026-01-01T12:00:00Z,0x00000000000000000000000000000000000000000000000000000000000000fc
0x1111111111111111111111111111111111111111,0x2222222222222222222222222222222222222222,54.5,ETH,2026-02-02T13:00:00Z,0x00000000000000000000000000000000000000000000000000000000000000fd
0x2222222222222222222222222222222222222222,0x1111111111111111111111111111111111111111,55.5,ETH,2026-03-03T14:00:00Z,0x00000000000000000000000000000000000000000000000000000000000000fe
0x1111111111111111111111111111111111111111,0x2222222222222222222222222222222222222222,56.5,USDT,2026-04-04T15:00:00Z,0x00000000000000000000000000000000000000000000000000000000000000ff
0x2222222222222222222222222222222222222222,0x1111111111111111111111111111111111111111,57.5,ETH,2026-05-05T16:00:00Z,0x0000000000000000000000000000000000000000000000000000000000000100
0x1111111111111111111111111111111111111111,0x2222222222222222222222222222222222222222,58.5,ETH,2026-06-06T17:00:00Z,0x0000000000000000000000000000000000000000000000000000000000000101
0x2222222222222222222222222222222222222222,0x1111111111111111111111111111111111111111,59.5,USDT,2026-07-07T18:00:00Z,0x0000000000000000000000000000000000000000000000000000000000000102
0x1111111111111111111111111111111111111111,0x2222222222222222222222222222222222222222,60.5,ETH,2026-08-08T19:00:00Z,0x0000000000000000000000000000000000000000000000000000000000000103
0x2222222222222222222222222222222222222222,0x1111111111111111111111111111111111111111,61.5,ETH,2026-09-09T20:00:00Z,0x0000000000000000000000000000000000000000000000000000000000000104
0x1111111111111111111111111111111111111111,0x2222222222222222222222222222222222222222,62.5,USDT,2026-10-10T21:00:00Z,0x0000000000000000000000000000000000000000000000000000000000000105
0x2222222222222222222222222222222222222222,0x1111111111111111111111111111111111111111,63.5,ETH,2026-11-11T22:00:00Z,0x0000000000000000000000000000000000000000000000000000000000000106
0x1111111111111111111111111111111111111111,0x2222222222222222222222222222222222222222,64.5,ETH,2026-12-12T23:00:00Z,0x0000000000000000000000000000000000000000000000000000000000000107
0x2222222222222222222222222222222222222222,0x1111111111111111111111111111111111111111,65.5,USDT,2026-01-13T00:00:00Z,0x0000000000000000000000000000000000000000000000000000000000000108
0x1111111111111111111111111111111111111111,0x2222222222222222222222222222222222222222,66.5,ETH,2026-02-14T01:00:00Z,0x0000000000000000000000000000000000000000000000000000000000000109
0x2222222222222222222222222222222222222222,0x1111111111111111111111111111111111111111,67.5,ETH,2026-03-15T02:00:00Z,0x000000000000000000000000000000000000000000000000000000000000010a
0x1111111111111111111111111111111111111111,0x2222222222222222222222222222222222222222,68.5,USDT,2026-04-16T03:00:00Z,0x000000000000000000000000000000000000000000000000000000000000010b
0x2222222222222222222222222222222222222222,0x1111111111111111111111111111111111111111,69.5,ETH,2026-05-17T04:00:00Z,0x000000000000000000000000000000000000000000000000000000000000010c
0x1111111111111111111111111111111111111111,0x2222222222222222222222222222222222222222,70.5,ETH,2026-06-18T05:00:00Z,0x000000000000000000000000000000000000000000000000000000000000010d
0x2222222222222222222222222222222222222222,0x1111111111111111111111111111111111111111,71.5,USDT,2026-07-19T06:00:00Z,0x000000000000000000000000000000000000000000000000000000000000010e
0x1111111111111111111111111111111111111111,0x2222222222222222222222222222222222222222,72.5,ETH,2026-08-20T07:00:00Z,0x000000000000000000000000000000000000000000000000000000000000010f
0x2222222222222222222222222222222222222222,0x1111111111111111111111111111111111111111,73.5,ETH,2026-09-21T08:00:00Z,0x0000000000000000000000000000000000000000000000000000000000000110
0x1111111111111111111111111111111111111111,0x2222222222222222222222222222222222222222,74.5,USDT,2026-10-22T09:00:00Z,0x0000000000000000000000000000000000000000000000000000000000000111
0x2222222222222222222222222222222222222222,0x1111111111111111111111111111111111111111,75.5,ETH,2026-11-23T10:00:00Z,0x0000000000000000000000000000000000000000000000000000000000000112
0x1111111111111111111111111111111111111111,0x2222222222222222222222222222222222222222,76.5,ETH,2026-12-24T11:00:00Z,0x0000000000000000000000000000000000000000000000000000000000000113
0x2222222222222222222222222222222222222222,0x1111111111111111111111111111111111111111,77.5,USDT,2026-01-25T12:00:00Z,0x0000000000000000000000000000000000000000000000000000000000000114
0x1111111111111111111111111111111111111111,0x2222222222222222222222222222222222222222,78.5,ETH,2026-02-26T13:00:00Z,0x0000000000000000000000000000000000000000000000000000000000000115
0x2222222222222222222222222222222222222222,0x1111111111111111111111111111111111111111,79.5,ETH,2026-03-27T14:00:00Z,0x0000000000000000000000000000000000000000000000000000000000000116
0x1111111111111111111111111111111111111111,0x2222222222222222222222222222222222222222,80.5,USDT,2026-04-28T15:00:00Z,0x0000000000000000000000000000000000000000000000000000000000000117
0x2222222222222222222222222222222222222222,0x1111111111111111111111111111111111111111,81.5,ETH,2026-05-01T16:00:00Z,0x0000000000000000000000000000000000000000000000000000000000000118
0x1111111111111111111111111111111111111111,0x2222222222222222222222222222222222222222,82.5,ETH,2026-06-02T17:00:00Z,0x0000000000000000000000000000000000000000000000000000000000000119
0x2222222222222222222222222222222222222222,0x1111111111111111111111111111111111111111,83.5,USDT,2026-07-03T18:00:00Z,0x000000000000000000000000000000000000000000000000000000000000011a
0x1111111111111111111111111111111111111111,0x2222222222222222222222222222222222222222,84.5,ETH,2026-08-04T19:00:00Z,0x000000000000000000000000000000000000000000000000000000000000011b
0x2222222222222222222222222222222222222222,0x1111111111111111111111111111111111111111,85.5,ETH,2026-09-05T20:00:00Z,0x000000000000000000000000000000000000000000000000000000000000011c
0x1111111111111111111111111111111111111111,0x2222222222222222222222222222222222222222,86.5,USDT,2026-10-06T21:00:00Z,0x000000000000000000000000000000000000000000000000000000000000011d
0x2222222222222222222222222222222222222222,0x1111111111111111111111111111111111111111,87.5,ETH,2026-11-07T22:00:00Z,0x000000000000000000000000000000000000000000000000000000000000011e
0x1111111111111111111111111111111111111111,0x2222222222222222222222222222222222222222,88.5,ETH,2026-12-08T23:00:00Z,0x000000000000000000000000000000000000000000000000000000000000011f
0x2222222222222222222222222222222222222222,0x1111111111111111111111111111111111111111,89.5,USDT,2026-01-09T00:00:00Z,0x0000000000000000000000000000000000000000000000000000000000000120
0x1111111111111111111111111111111111111111,0x2222222222222222222222222222222222222222,90.5,ETH,2026-02-10T01:00:00Z,0x0000000000000000000000000000000000000000000000000000000000000121
0x2222222222222222222222222222222222222222,0x1111111111111111111111111111111111111111,91.5,ETH,2026-03-11T02:00:00Z,0x0000000000000000000000000000000000000000000000000000000000000122
0x1111111111111111111111111111111111111111,0x2222222222222222222222222222222222222222,92.5,USDT,2026-04-12T03:00:00Z,0x0000000000000000000000000000000000000000000000000000000000000123
0x2222222222222222222222222222222222222222,0x1111111111111111111111111111111111111111,93.5,ETH,2026-05-13T04:00:00Z,0x0000000000000000000000000000000000000000000000000000000000000124
0x1111111111111111111111111111111111111111,0x2222222222222222222222222222222222222222,94.5,ETH,2026-06-14T05:00:00Z,0x0000000000000000000000000000000000000000000000000000000000000125
0x2222222222222222222222222222222222222222,0x1111111111111111111111111111111111111111,95.5,USDT,2026-07-15T06:00:00Z,0x0000000000000000000000000000000000000000000000000000000000000126
0x1111111111111111111111111111111111111111,0x2222222222222222222222222222222222222222,96.5,ETH,2026-08-16T07:00:00Z,0x0000000000000000000000000000000000000000000000000000000000000127
0x2222222222222222222222222222222222222222,0x1111111111111111111111111111111111111111,97.5,ETH,2026-09-17T08:00:00Z,0x0000000000000000000000000000000000000000000000000000000000000128
0x1111111111111111111111111111111111111111,0x2222222222222222222222222222222222222222,98.5,USDT,2026-10-18T09:00:00Z,0x0000000000000000000000000000000000000000000000000000000000000129
0x2222222222222222222222222222222222222222,0x1111111111111111111111111111111111111111,99.5,ETH,2026-11-19T10:00:00Z,0x000000000000000000000000000000000000000000000000000000000000012a
0x1111111111111111111111111111111111111111,0x2222222222222222222222222222222222222222,100.5,ETH,2026-12-20T11:00:00Z,0x000000000000000000000000000000000000000000000000000000000000012b
0x2222222222222222222222222222222222222222,0x1111111111111111111111111111111111111111,1.5,USDT,2026-01-21T12:00:00Z,0x000000000000000000000000000000000000000000000000000000000000012c
0x1111111111111111111111111111111111111111,0x2222222222222222222222222222222222222222,2.5,ETH,2026-02-22T13:00:00Z,0x000000000000000000000000000000000000000000000000000000000000012d
0x2222222222222222222222222222222222222222,0x1111111111111111111111111111111111111111,3.5,ETH,2026-03-23T14:00:00Z,0x000000000000000000000000000000000000000000000000000000000000012e
0x1111111111111111111111111111111111111111,0x2222222222222222222222222222222222222222,4.5,USDT,2026-04-24T15:00:00Z,0x000000000000000000000000000000000000000000000000000000000000012f
0x2222222222222222222222222222222222222222,0x1111111111111111111111111111111111111111,5.5,ETH,2026-05-25T16:00:00Z,0x0000000000000000000000000000000000000000000000000000000000000130
0x1111111111111111111111111111111111111111,0x2222222222222222222222222222222222222222,6.5,ETH,2026-06-26T17:00:00Z,0x0000000000000000000000000000000000000000000000000000000000000131
0x2222222222222222222222222222222222222222,0x1111111111111111111111111111111111111111,7.5,USDT,2026-07-27T18:00:00Z,0x0000000000000000000000000000000000000000000000000000000000000132
0x1111111111111111111111111111111111111111,0x2222222222222222222222222222222222222222,8.5,ETH,2026-08-28T19:00:00Z,0x0000000000000000000000000000000000000000000000000000000000000133
0x2222222222222222222222222222222222222222,0x1111111111111111111111111111111111111111,9.5,ETH,2026-09-01T20:00:00Z,0x0000000000000000000000000000000000000000000000000000000000000134
0x1111111111111111111111111111111111111111,0x2222222222222222222222222222222222222222,10.5,USDT,2026-10-02T21:00:00Z,0x0000000000000000000000000000000000000000000000000000000000000135
0x2222222222222222222222222222222222222222,0x1111111111111111111111111111111111111111,11.5,ETH,2026-11-03T22:00:00Z,0x0000000000000000000000000000000000000000000000000000000000000136
0x1111111111111111111111111111111111111111,0x2222222222222222222222222222222222222222,12.5,ETH,2026-12-04T23:00:00Z,0x0000000000000000000000000000000000000000000000000000000000000137
0x2222222222222222222222222222222222222222,0x1111111111111111111111111111111111111111,13.5,USDT,2026-01-05T00:00:00Z,0x0000000000000000000000000000000000000000000000000000000000000138
0x1111111111111111111111111111111111111111,0x2222222222222222222222222222222222222222,14.5,ETH,2026-02-06T01:00:00Z,0x0000000000000000000000000000000000000000000000000000000000000139
0x2222222222222222222222222222222222222222,0x1111111111111111111111111111111111111111,15.5,ETH,2026-03-07T02:00:00Z,0x000000000000000000000000000000000000000000000000000000000000013a
0x1111111111111111111111111111111111111111,0x2222222222222222222222222222222222222222,16.5,USDT,2026-04-08T03:00:00Z,0x000000000000000000000000000000000000000000000000000000000000013b
0x2222222222222222222222222222222222222222,0x1111111111111111111111111111111111111111,17.5,ETH,2026-05-09T04:00:00Z,0x000000000000000000000000000000000000000000000000000000000000013c
0x1111111111111111111111111111111111111111,0x2222222222222222222222222222222222222222,18.5,ETH,2026-06-10T05:00:00Z,0x000000000000000000000000000000000000000000000000000000000000013d
0x2222222222222222222222222222222222222222,0x1111111111111111111111111111111111111111,19.5,USDT,2026-07-11T06:00:00Z,0x000000000000000000000000000000000000000000000000000000000000013e
0x1111111111111111111111111111111111111111,0x2222222222222222222222222222222222222222,20.5,ETH,2026-08-12T07:00:00Z,0x000000000000000000000000000000000000000000000000000000000000013f
0x2222222222222222222222222222222222222222,0x1111111111111111111111111111111111111111,21.5,ETH,2026-09-13T08:00:00Z,0x0000000000000000000000000000000000000000000000000000000000000140
0x1111111111111111111111111111111111111111,0x2222222222222222222222222222222222222222,22.5,USDT,2026-10-14T09:00:00Z,0x0000000000000000000000000000000000000000000000000000000000000141
0x2222222222222222222222222222222222222222,0x1111111111111111111111111111111111111111,23.5,ETH,2026-11-15T10:00:00Z,0x0000000000000000000000000000000000000000000000000000000000000142
0x1111111111111111111111111111111111111111,0x2222222222222222222222222222222222222222,24.5,ETH,2026-12-16T11:00:00Z,0x0000000000000000000000000000000000000000000000000000000000000143
0x2222222222222222222222222222222222222222,0x1111111111111111111111111111111111111111,25.5,USDT,2026-01-17T12:00:00Z,0x0000000000000000000000000000000000000000000000000000000000000144
0x1111111111111111111111111111111111111111,0x2222222222222222222222222222222222222222,26.5,ETH,2026-02-18T13:00:00Z,0x0000000000000000000000000000000000000000000000000000000000000145
0x2222222222222222222222222222222222222222,0x1111111111111111111111111111111111111111,27.5,ETH,2026-03-19T14:00:00Z,0x0000000000000000000000000000000000000000000000000000000000000146
0x1111111111111111111111111111111111111111,0x2222222222222222222222222222222222222222,28.5,USDT,2026-04-20T15:00:00Z,0x0000000000000000000000000000000000000000000000000000000000000147
0x2222222222222222222222222222222222222222,0x1111111111111111111111111111111111111111,29.5,ETH,2026-05-21T16:00:00Z,0x0000000000000000000000000000000000000000000000000000000000000148
0x1111111111111111111111111111111111111111,0x2222222222222222222222222222222222222222,30.5,ETH,2026-06-22T17:00:00Z,0x0000000000000000000000000000000000000000000000000000000000000149
0x2222222222222222222222222222222222222222,0x1111111111111111111111111111111111111111,31.5,USDT,2026-07-23T18:00:00Z,0x000000000000000000000000000000000000000000000000000000000000014a
0x1111111111111111111111111111111111111111,0x2222222222222222222222222222222222222222,32.5,ETH,2026-08-24T19:00:00Z,0x000000000000000000000000000000000000000000000000000000000000014b
0x2222222222222222222222222222222222222222,0x1111111111111111111111111111111111111111,33.5,ETH,2026-09-25T20:00:00Z,0x000000000000000000000000000000000000000000000000000000000000014c
0x1111111111111111111111111111111111111111,0x2222222222222222222222222222222222222222,34.5,USDT,2026-10-26T21:00:00Z,0x000000000000000000000000000000000000000000000000000000000000014d
0x2222222222222222222222222222222222222222,0x1111111111111111111111111111111111111111,35.5,ETH,2026-11-27T22:00:00Z,0x000000000000000000000000000000000000000000000000000000000000014e
0x1111111111111111111111111111111111111111,0x2222222222222222222222222222222222222222,36.5,ETH,2026-12-28T23:00:00Z,0x000000000000000000000000000000000000000000000000000000000000014f
0x2222222222222222222222222222222222222222,0x1111111111111111111111111111111111111111,37.5,USDT,2026-01-01T00:00:00Z,0x0000000000000000000000000000000000000000000000000000000000000150
0x1111111111111111111111111111111111111111,0x2222222222222222222222222222222222222222,38.5,ETH,2026-02-02T01:00:00Z,0x0000000000000000000000000000000000000000000000000000000000000151
0x2222222222222222222222222222222222222222,0x1111111111111111111111111111111111111111,39.5,ETH,2026-03-03T02:00:00Z,0x0000000000000000000000000000000000000000000000000000000000000152
0x1111111111111111111111111111111111111111,0x2222222222222222222222222222222222222222,40.5,USDT,2026-04-04T03:00:00Z,0x0000000000000000000000000000000000000000000000000000000000000153
0x2222222222222222222222222222222222222222,0x1111111111111111111111111111111111111111,41.5,ETH,2026-05-05T04:00:00Z,0x0000000000000000000000000000000000000000000000000000000000000154
0x1111111111111111111111111111111111111111,0x2222222222222222222222222222222222222222,42.5,ETH,2026-06-06T05:00:00Z,0x0000000000000000000000000000000000000000000000000000000000000155
0x2222222222222222222222222222222222222222,0x1111111111111111111111111111111111111111,43.5,USDT,2026-07-07T06:00:00Z,0x0000000000000000000000000000000000000000000000000000000000000156
0x1111111111111111111111111111111111111111,0x2222222222222222222222222222222222222222,44.5,ETH,2026-08-08T07:00:00Z,0x0000000000000000000000000000000000000000000000000000000000000157
0x2222222222222222222222222222222222222222,0x1111111111111111111111111111111111111111,45.5,ETH,2026-09-09T08:00:00Z,0x0000000000000000000000000000000000000000000000000000000000000158
0x1111111111111111111111111111111111111111,0x2222222222222222222222222222222222222222,46.5,USDT,2026-10-10T09:00:00Z,0x0000000000000000000000000000000000000000000000000000000000000159
0x2222222222222222222222222222222222222222,0x1111111111111111111111111111111111111111,47.5,ETH,2026-11-11T10:00:00Z,0x000000000000000000000000000000000000000000000000000000000000015a
0x1111111111111111111111111111111111111111,0x2222222222222222222222222222222222222222,48.5,ETH,2026-12-12T11:00:00Z,0x000000000000000000000000000000000000000000000000000000000000015b
0x2222222222222222222222222222222222222222,0x1111111111111111111111111111111111111111,49.5,USDT,2026-01-13T12:00:00Z,0x000000000000000000000000000000000000000000000000000000000000015c
0x1111111111111111111111111111111111111111,0x2222222222222222222222222222222222222222,50.5,ETH,2026-02-14T13:00:00Z,0x000000000000000000000000000000000000000000000000000000000000015d
0x2222222222222222222222222222222222222222,0x1111111111111111111111111111111111111111,51.5,ETH,2026-03-15T14:00:00Z,0x000000000000000000000000000000000000000000000000000000000000015e
0x1111111111111111111111111111111111111111,0x2222222222222222222222222222222222222222,52.5,USDT,2026-04-16T15:00:00Z,0x000000000000000000000000000000000000000000000000000000000000015f
0x2222222222222222222222222222222222222222,0x1111111111111111111111111111111111111111,53.5,ETH,2026-05-17T16:00:00Z,0x0000000000000000000000000000000000000000000000000000000000000160
0x1111111111111111111111111111111111111111,0x2222222222222222222222222222222222222222,54.5,ETH,2026-06-18T17:00:00Z,0x0000000000000000000000000000000000000000000000000000000000000161
0x2222222222222222222222222222222222222222,0x1111111111111111111111111111111111111111,55.5,USDT,2026-07-19T18:00:00Z,0x0000000000000000000000000000000000000000000000000000000000000162
0x1111111111111111111111111111111111111111,0x2222222222222222222222222222222222222222,56.5,ETH,2026-08-20T19:00:00Z,0x0000000000000000000000000000000000000000000000000000000000000163
0x2222222222222222222222222222222222222222,0x1111111111111111111111111111111111111111,57.5,ETH,2026-09-21T20:00:00Z,0x0000000000000000000000000000000000000000000000000000000000000164
0x1111111111111111111111111111111111111111,0x2222222222222222222222222222222222222222,58.5,USDT,2026-10-22T21:00:00Z,0x0000000000000000000000000000000000000000000000000000000000000165
0x2222222222222222222222222222222222222222,0x1111111111111111111111111111111111111111,59.5,ETH,2026-11-23T22:00:00Z,0x0000000000000000000000000000000000000000000000000000000000000166
0x1111111111111111111111111111111111111111,0x2222222222222222222222222222222222222222,60.5,ETH,2026-12-24T23:00:00Z,0x0000000000000000000000000000000000000000000000000000000000000167
0x2222222222222222222222222222222222222222,0x1111111111111111111111111111111111111111,61.5,USDT,2026-01-25T00:00:00Z,0x0000000000000000000000000000000000000000000000000000000000000168
0x1111111111111111111111111111111111111111,0x2222222222222222222222222222222222222222,62.5,ETH,2026-02-26T01:00:00Z,0x0000000000000000000000000000000000000000000000000000000000000169
0x2222222222222222222222222222222222222222,0x1111111111111111111111111111111111111111,63.5,ETH,2026-03-27T02:00:00Z,0x000000000000000000000000000000000000000000000000000000000000016a
0x1111111111111111111111111111111111111111,0x2222222222222222222222222222222222222222,64.5,USDT,2026-04-28T03:00:00Z,0x000000000000000000000000000000000000000000000000000000000000016b
0x2222222222222222222222222222222222222222,0x1111111111111111111111111111111111111111,65.5,ETH,2026-05-01T04:00:00Z,0x000000000000000000000000000000000000000000000000000000000000016c
0x1111111111111111111111111111111111111111,0x2222222222222222222222222222222222222222,66.5,ETH,2026-06-02T05:00:00Z,0x000000000000000000000000000000000000000000000000000000000000016d
0x2222222222222222222222222222222222222222,0x1111111111111111111111111111111111111111,67.5,USDT,2026-07-03T06:00:00Z,0x000000000000000000000000000000000000000000000000000000000000016e
0x1111111111111111111111111111111111111111,0x2222222222222222222222222222222222222222,68.5,ETH,2026-08-04T07:00:00Z,0x000000000000000000000000000000000000000000000000000000000000016f
0x2222222222222222222222222222222222222222,0x1111111111111111111111111111111111111111,69.5,ETH,2026-09-05T08:00:00Z,0x0000000000000000000000000000000000000000000000000000000000000170
0x1111111111111111111111111111111111111111,0x2222222222222222222222222222222222222222,70.5,USDT,2026-10-06T09:00:00Z,0x0000000000000000000000000000000000000000000000000000000000000171
0x2222222222222222222222222222222222222222,0x1111111111111111111111111111111111111111,71.5,ETH,2026-11-07T10:00:00Z,0x0000000000000000000000000000000000000000000000000000000000000172
0x1111111111111111111111111111111111111111,0x2222222222222222222222222222222222222222,72.5,ETH,2026-12-08T11:00:00Z,0x0000000000000000000000000000000000000000000000000000000000000173
0x2222222222222222222222222222222222222222,0x1111111111111111111111111111111111111111,73.5,USDT,2026-01-09T12:00:00Z,0x0000000000000000000000000000000000000000000000000000000000000174
0x1111111111111111111111111111111111111111,0x2222222222222222222222222222222222222222,74.5,ETH,2026-02-10T13:00:00Z,0x0000000000000000000000000000000000000000000000000000000000000175
0x2222222222222222222222222222222222222222,0x1111111111111111111111111111111111111111,75.5,ETH,2026-03-11T14:00:00Z,0x0000000000000000000000000000000000000000000000000000000000000176
0x1111111111111111111111111111111111111111,0x2222222222222222222222222222222222222222,76.5,USDT,2026-04-12T15:00:00Z,0x0000000000000000000000000000000000000000000000000000000000000177
0x2222222222222222222222222222222222222222,0x1111111111111111111111111111111111111111,77.5,ETH,2026-05-13T16:00:00Z,0x0000000000000000000000000000000000000000000000000000000000000178
0x1111111111111111111111111111111111111111,0x2222222222222222222222222222222222222222,78.5,ETH,2026-06-14T17:00:00Z,0x0000000000000000000000000000000000000000000000000000000000000179
0x2222222222222222222222222222222222222222,0x1111111111111111111111111111111111111111,79.5,USDT,2026-07-15T18:00:00Z,0x000000000000000000000000000000000000000000000000000000000000017a
0x1111111111111111111111111111111111111111,0x2222222222222222222222222222222222222222,80.5,ETH,2026-08-16T19:00:00Z,0x000000000000000000000000000000000000000000000000000000000000017b
0x2222222222222222222222222222222222222222,0x1111111111111111111111111111111111111111,81.5,ETH,2026-09-17T20:00:00Z,0x000000000000000000000000000000000000000000000000000000000000017c
0x1111111111111111111111111111111111111111,0x2222222222222222222222222222222222222222,82.5,USDT,2026-10-18T21:00:00Z,0x000000000000000000000000000000000000000000000000000000000000017d
0x2222222222222222222222222222222222222222,0x1111111111111111111111111111111111111111,83.5,ETH,2026-11-19T22:00:00Z,0x000000000000000000000000000000000000000000000000000000000000017e
0x1111111111111111111111111111111111111111,0x2222222222222222222222222222222222222222,84.5,ETH,2026-12-20T23:00:00Z,0x000000000000000000000000000000000000000000000000000000000000017f
0x2222222222222222222222222222222222222222,0x1111111111111111111111111111111111111111,85.5,USDT,2026-01-21T00:00:00Z,0x0000000000000000000000000000000000000000000000000000000000000180
0x1111111111111111111111111111111111111111,0x2222222222222222222222222222222222222222,86.5,ETH,2026-02-22T01:00:00Z,0x0000000000000000000000000000000000000000000000000000000000000181
0x2222222222222222222222222222222222222222,0x1111111111111111111111111111111111111111,87.5,ETH,2026-03-23T02:00:00Z,0x0000000000000000000000000000000000000000000000000000000000000182
0x1111111111111111111111111111111111111111,0x2222222222222222222222222222222222222222,88.5,USDT,2026-04-24T03:00:00Z,0x0000000000000000000000000000000000000000000000000000000000000183
0x2222222222222222222222222222222222222222,0x1111111111111111111111111111111111111111,89.5,ETH,2026-05-25T04:00:00Z,0x0000000000000000000000000000000000000000000000000000000000000184
0x1111111111111111111111111111111111111111,0x2222222222222222222222222222222222222222,90.5,ETH,2026-06-26T05:00:00Z,0x0000000000000000000000000000000000000000000000000000000000000185
0x2222222222222222222222222222222222222222,0x1111111111111111111111111111111111111111,91.5,USDT,2026-07-27T06:00:00Z,0x0000000000000000000000000000000000000000000000000000000000000186
0x1111111111111111111111111111111111111111,0x2222222222222222222222222222222222222222,92.5,ETH,2026-08-28T07:00:00Z,0x0000000000000000000000000000000000000000000000000000000000000187
0x2222222222222222222222222222222222222222,0x1111111111111111111111111111111111111111,93.5,ETH,2026-09-01T08:00:00Z,0x0000000000000000000000000000000000000000000000000000000000000188
0x1111111111111111111111111111111111111111,0x2222222222222222222222222222222222222222,94.5,USDT,2026-10-02T09:00:00Z,0x0000000000000000000000000000000000000000000000000000000000000189
0x2222222222222222222222222222222222222222,0x1111111111111111111111111111111111111111,95.5,ETH,2026-11-03T10:00:00Z,0x000000000000000000000000000000000000000000000000000000000000018a
0x1111111111111111111111111111111111111111,0x2222222222222222222222222222222222222222,96.5,ETH,2026-12-04T11:00:00Z,0x000000000000000000000000000000000000000000000000000000000000018b
0x2222222222222222222222222222222222222222,0x1111111111111111111111111111111111111111,97.5,USDT,2026-01-05T12:00:00Z,0x000000000000000000000000000000000000000000000000000000000000018c
0x1111111111111111111111111111111111111111,0x2222222222222222222222222222222222222222,98.5,ETH,2026-02-06T13:00:00Z,0x000000000000000000000000000000000000000000000000000000000000018d
0x2222222222222222222222222222222222222222,0x1111111111111111111111111111111111111111,99.5,ETH,2026-03-07T14:00:00Z,0x000000000000000000000000000000000000000000000000000000000000018e
0x1111111111111111111111111111111111111111,0x2222222222222222222222222222222222222222,100.5,USDT,2026-04-08T15:00:00Z,0x000000000000000000000000000000000000000000000000000000000000018f
0x2222222222222222222222222222222222222222,0x1111111111111111111111111111111111111111,1.5,ETH,2026-05-09T16:00:00Z,0x0000000000000000000000000000000000000000000000000000000000000190
0x1111111111111111111111111111111111111111,0x2222222222222222222222222222222222222222,2.5,ETH,2026-06-10T17:00:00Z,0x0000000000000000000000000000000000000000000000000000000000000191
0x2222222222222222222222222222222222222222,0x1111111111111111111111111111111111111111,3.5,USDT,2026-07-11T18:00:00Z,0x0000000000000000000000000000000000000000000000000000000000000192
0x1111111111111111111111111111111111111111,0x2222222222222222222222222222222222222222,4.5,ETH,2026-08-12T19:00:00Z,0x0000000000000000000000000000000000000000000000000000000000000193
0x2222222222222222222222222222222222222222,0x1111111111111111111111111111111111111111,5.5,ETH,2026-09-13T20:00:00Z,0x0000000000000000000000000000000000000000000000000000000000000194
0x1111111111111111111111111111111111111111,0x2222222222222222222222222222222222222222,6.5,USDT,2026-10-14T21:00:00Z,0x0000000000000000000000000000000000000000000000000000000000000195
0x2222222222222222222222222222222222222222,0x1111111111111111111111111111111111111111,7.5,ETH,2026-11-15T22:00:00Z,0x0000000000000000000000000000000000000000000000000000000000000196
0x1111111111111111111111111111111111111111,0x2222222222222222222222222222222222222222,8.5,ETH,2026-12-16T23:00:00Z,0x0000000000000000000000000000000000000000000000000000000000000197
0x2222222222222222222222222222222222222222,0x1111111111111111111111111111111111111111,9.5,USDT,2026-01-17T00:00:00Z,0x0000000000000000000000000000000000000000000000000000000000000198
0x1111111111111111111111111111111111111111,0x2222222222222222222222222222222222222222,10.5,ETH,2026-02-18T01:00:00Z,0x0000000000000000000000000000000000000000000000000000000000000199
0x2222222222222222222222222222222222222222,0x1111111111111111111111111111111111111111,11.5,ETH,2026-03-19T02:00:00Z,0x000000000000000000000000000000000000000000000000000000000000019a
0x1111111111111111111111111111111111111111,0x2222222222222222222222222222222222222222,12.5,USDT,2026-04-20T03:00:00Z,0x000000000000000000000000000000000000000000000000000000000000019b
0x2222222222222222222222222222222222222222,0x1111111111111111111111111111111111111111,13.5,ETH,2026-05-21T04:00:00Z,0x000000000000000000000000000000000000000000000000000000000000019c
0x1111111111111111111111111111111111111111,0x2222222222222222222222222222222222222222,14.5,ETH,2026-06-22T05:00:00Z,0x000000000000000000000000000000000000000000000000000000000000019d
0x2222222222222222222222222222222222222222,0x1111111111111111111111111111111111111111,15.5,USDT,2026-07-23T06:00:00Z,0x000000000000000000000000000000000000000000000000000000000000019e
0x1111111111111111111111111111111111111111,0x2222222222222222222222222222222222222222,16.5,ETH,2026-08-24T07:00:00Z,0x000000000000000000000000000000000000000000000000000000000000019f
0x2222222222222222222222222222222222222222,0x1111111111111111111111111111111111111111,17.5,ETH,2026-09-25T08:00:00Z,0x00000000000000000000000000000000000000000000000000000000000001a0
0x1111111111111111111111111111111111111111,0x2222222222222222222222222222222222222222,18.5,USDT,2026-10-26T09:00:00Z,0x00000000000000000000000000000000000000000000000000000000000001a1
0x2222222222222222222222222222222222222222,0x1111111111111111111111111111111111111111,19.5,ETH,2026-11-27T10:00:00Z,0x00000000000000000000000000000000000000000000000000000000000001a2
0x1111111111111111111111111111111111111111,0x2222222222222222222222222222222222222222,20.5,ETH,2026-12-28T11:00:00Z,0x00000000000000000000000000000000000000000000000000000000000001a3
0x2222222222222222222222222222222222222222,0x1111111111111111111111111111111111111111,21.5,USDT,2026-01-01T12:00:00Z,0x00000000000000000000000000000000000000000000000000000000000001a4
0x1111111111111111111111111111111111111111,0x2222222222222222222222222222222222222222,22.5,ETH,2026-02-02T13:00:00Z,0x00000000000000000000000000000000000000000000000000000000000001a5
0x2222222222222222222222222222222222222222,0x1111111111111111111111111111111111111111,23.5,ETH,2026-03-03T14:00:00Z,0x00000000000000000000000000000000000000000000000000000000000001a6
0x1111111111111111111111111111111111111111,0x2222222222222222222222222222222222222222,24.5,USDT,2026-04-04T15:00:00Z,0x00000000000000000000000000000000000000000000000000000000000001a7
0x2222222222222222222222222222222222222222,0x1111111111111111111111111111111111111111,25.5,ETH,2026-05-05T16:00:00Z,0x00000000000000000000000000000000000000000000000000000000000001a8
0x1111111111111111111111111111111111111111,0x2222222222222222222222222222222222222222,26.5,ETH,2026-06-06T17:00:00Z,0x00000000000000000000000000000000000000000000000000000000000001a9
0x2222222222222222222222222222222222222222,0x1111111111111111111111111111111111111111,27.5,USDT,2026-07-07T18:00:00Z,0x00000000000000000000000000000000000000000000000000000000000001aa
0x1111111111111111111111111111111111111111,0x2222222222222222222222222222222222222222,28.5,ETH,2026-08-08T19:00:00Z,0x00000000000000000000000000000000000000000000000000000000000001ab
0x2222222222222222222222222222222222222222,0x1111111111111111111111111111111111111111,29.5,ETH,2026-09-09T20:00:00Z,0x00000000000000000000000000000000000000000000000000000000000001ac
0x1111111111111111111111111111111111111111,0x2222222222222222222222222222222222222222,30.5,USDT,2026-10-10T21:00:00Z,0x00000000000000000000000000000000000000000000000000000000000001ad
0x2222222222222222222222222222222222222222,0x1111111111111111111111111111111111111111,31.5,ETH,2026-11-11T22:00:00Z,0x00000000000000000000000000000000000000000000000000000000000001ae
0x1111111111111111111111111111111111111111,0x2222222222222222222222222222222222222222,32.5,ETH,2026-12-12T23:00:00Z,0x00000000000000000000000000000000000000000000000000000000000001af
0x2222222222222222222222222222222222222222,0x1111111111111111111111111111111111111111,33.5,USDT,2026-01-13T00:00:00Z,0x00000000000000000000000000000000000000000000000000000000000001b0
0x1111111111111111111111111111111111111111,0x2222222222222222222222222222222222222222,34.5,ETH,2026-02-14T01:00:00Z,0x00000000000000000000000000000000000000000000000000000000000001b1
0x2222222222222222222222222222222222222222,0x1111111111111111111111111111111111111111,35.5,ETH,2026-03-15T02:00:00Z,0x00000000000000000000000000000000000000000000000000000000000001b2
0x1111111111111111111111111111111111111111,0x2222222222222222222222222222222222222222,36.5,USDT,2026-04-16T03:00:00Z,0x00000000000000000000000000000000000000000000000000000000000001b3
0x2222222222222222222222222222222222222222,0x1111111111111111111111111111111111111111,37.5,ETH,2026-05-17T04:00:00Z,0x00000000000000000000000000000000000000000000000000000000000001b4
0x1111111111111111111111111111111111111111,0x2222222222222222222222222222222222222222,38.5,ETH,2026-06-18T05:00:00Z,0x00000000000000000000000000000000000000000000000000000000000001b5
0x2222222222222222222222222222222222222222,0x1111111111111111111111111111111111111111,39.5,USDT,2026-07-19T06:00:00Z,0x00000000000000000000000000000000000000000000000000000000000001b6
0x1111111111111111111111111111111111111111,0x2222222222222222222222222222222222222222,40.5,ETH,2026-08-20T07:00:00Z,0x00000000000000000000000000000000000000000000000000000000000001b7
0x2222222222222222222222222222222222222222,0x1111111111111111111111111111111111111111,41.5,ETH,2026-09-21T08:00:00Z,0x00000000000000000000000000000000000000000000000000000000000001b8
0x1111111111111111111111111111111111111111,0x2222222222222222222222222222222222222222,42.5,USDT,2026-10-22T09:00:00Z,0x00000000000000000000000000000000000000000000000000000000000001b9
0x2222222222222222222222222222222222222222,0x1111111111111111111111111111111111111111,43.5,ETH,2026-11-23T10:00:00Z,0x00000000000000000000000000000000000000000000000000000000000001ba
0x1111111111111111111111111111111111111111,0x2222222222222222222222222222222222222222,44.5,ETH,2026-12-24T11:00:00Z,0x00000000000000000000000000000000000000000000000000000000000001bb
0x2222222222222222222222222222222222222222,0x1111111111111111111111111111111111111111,45.5,USDT,2026-01-25T12:00:00Z,0x00000000000000000000000000000000000000000000000000000000000001bc
0x1111111111111111111111111111111111111111,0x2222222222222222222222222222222222222222,46.5,ETH,2026-02-26T13:00:00Z,0x00000000000000000000000000000000000000000000000000000000000001bd
0x2222222222222222222222222222222222222222,0x1111111111111111111111111111111111111111,47.5,ETH,2026-03-27T14:00:00Z,0x00000000000000000000000000000000000000000000000000000000000001be
0x1111111111111111111111111111111111111111,0x2222222222222222222222222222222222222222,48.5,USDT,2026-04-28T15:00:00Z,0x00000000000000000000000000000000000000000000000000000000000001bf
0x2222222222222222222222222222222222222222,0x1111111111111111111111111111111111111111,49.5,ETH,2026-05-01T16:00:00Z,0x00000000000000000000000000000000000000000000000000000000000001c0
0x1111111111111111111111111111111111111111,0x2222222222222222222222222222222222222222,50.5,ETH,2026-06-02T17:00:00Z,0x00000000000000000000000000000000000000000000000000000000000001c1
0x2222222222222222222222222222222222222222,0x1111111111111111111111111111111111111111,51.5,USDT,2026-07-03T18:00:00Z,0x00000000000000000000000000000000000000000000000000000000000001c2
0x1111111111111111111111111111111111111111,0x2222222222222222222222222222222222222222,52.5,ETH,2026-08-04T19:00:00Z,0x00000000000000000000000000000000000000000000000000000000000001c3
0x2222222222222222222222222222222222222222,0x1111111111111111111111111111111111111111,53.5,ETH,2026-09-05T20:00:00Z,0x00000000000000000000000000000000000000000000000000000000000001c4
0x1111111111111111111111111111111111111111,0x2222222222222222222222222222222222222222,54.5,USDT,2026-10-06T21:00:00Z,0x00000000000000000000000000000000000000000000000000000000000001c5
0x2222222222222222222222222222222222222222,0x1111111111111111111111111111111111111111,55.5,ETH,2026-11-07T22:00:00Z,0x00000000000000000000000000000000000000000000000000000000000001c6
0x1111111111111111111111111111111111111111,0x2222222222222222222222222222222222222222,56.5,ETH,2026-12-08T23:00:00Z,0x00000000000000000000000000000000000000000000000000000000000001c7
0x2222222222222222222222222222222222222222,0x1111111111111111111111111111111111111111,57.5,USDT,2026-01-09T00:00:00Z,0x00000000000000000000000000000000000000000000000000000000000001c8
0x1111111111111111111111111111111111111111,0x2222222222222222222222222222222222222222,58.5,ETH,2026-02-10T01:00:00Z,0x00000000000000000000000000000000000000000000000000000000000001c9
0x2222222222222222222222222222222222222222,0x1111111111111111111111111111111111111111,59.5,ETH,2026-03-11T02:00:00Z,0x00000000000000000000000000000000000000000000000000000000000001ca
0x1111111111111111111111111111111111111111,0x2222222222222222222222222222222222222222,60.5,USDT,2026-04-12T03:00:00Z,0x00000000000000000000000000000000000000000000000000000000000001cb
0x2222222222222222222222222222222222222222,0x1111111111111111111111111111111111111111,61.5,ETH,2026-05-13T04:00:00Z,0x00000000000000000000000000000000000000000000000000000000000001cc
0x1111111111111111111111111111111111111111,0x2222222222222222222222222222222222222222,62.5,ETH,2026-06-14T05:00:00Z,0x00000000000000000000000000000000000000000000000000000000000001cd
0x2222222222222222222222222222222222222222,0x1111111111111111111111111111111111111111,63.5,USDT,2026-07-15T06:00:00Z,0x00000000000000000000000000000000000000000000000000000000000001ce
0x1111111111111111111111111111111111111111,0x2222222222222222222222222222222222222222,64.5,ETH,2026-08-16T07:00:00Z,0x00000000000000000000000000000000000000000000000000000000000001cf
0x2222222222222222222222222222222222222222,0x1111111111111111111111111111111111111111,65.5,ETH,2026-09-17T08:00:00Z,0x00000000000000000000000000000000000000000000000000000000000001d0
0x1111111111111111111111111111111111111111,0x2222222222222222222222222222222222222222,66.5,USDT,2026-10-18T09:00:00Z,0x00000000000000000000000000000000000000000000000000000000000001d1
0x2222222222222222222222222222222222222222,0x1111111111111111111111111111111111111111,67.5,ETH,2026-11-19T10:00:00Z,0x00000000000000000000000000000000000000000000000000000000000001d2
0x1111111111111111111111111111111111111111,0x2222222222222222222222222222222222222222,68.5,ETH,2026-12-20T11:00:00Z,0x00000000000000000000000000000000000000000000000000000000000001d3
0x2222222222222222222222222222222222222222,0x1111111111111111111111111111111111111111,69.5,USDT,2026-01-21T12:00:00Z,0x00000000000000000000000000000000000000000000000000000000000001d4
0x1111111111111111111111111111111111111111,0x2222222222222222222222222222222222222222,70.5,ETH,2026-02-22T13:00:00Z,0x00000000000000000000000000000000000000000000000000000000000001d5
0x2222222222222222222222222222222222222222,0x1111111111111111111111111111111111111111,71.5,ETH,2026-03-23T14:00:00Z,0x00000000000000000000000000000000000000000000000000000000000001d6
0x1111111111111111111111111111111111111111,0x2222222222222222222222222222222222222222,72.5,USDT,2026-04-24T15:00:00Z,0x00000000000000000000000000000000000000000000000000000000000001d7
0x2222222222222222222222222222222222222222,0x1111111111111111111111111111111111111111,73.5,ETH,2026-05-25T16:00:00Z,0x00000000000000000000000000000000000000000000000000000000000001d8
0x1111111111111111111111111111111111111111,0x2222222222222222222222222222222222222222,74.5,ETH,2026-06-26T17:00:00Z,0x00000000000000000000000000000000000000000000000000000000000001d9
0x2222222222222222222222222222222222222222,0x1111111111111111111111111111111111111111,75.5,USDT,2026-07-27T18:00:00Z,0x00000000000000000000000000000000000000000000000000000000000001da
0x1111111111111111111111111111111111111111,0x2222222222222222222222222222222222222222,76.5,ETH,2026-08-28T19:00:00Z,0x00000000000000000000000000000000000000000000000000000000000001db
0x2222222222222222222222222222222222222222,0x1111111111111111111111111111111111111111,77.5,ETH,2026-09-01T20:00:00Z,0x00000000000000000000000000000000000000000000000000000000000001dc
0x1111111111111111111111111111111111111111,0x2222222222222222222222222222222222222222,78.5,USDT,2026-10-02T21:00:00Z,0x00000000000000000000000000000000000000000000000000000000000001dd
0x2222222222222222222222222222222222222222,0x1111111111111111111111111111111111111111,79.5,ETH,2026-11-03T22:00:00Z,0x00000000000000000000000000000000000000000000000000000000000001de
0x1111111111111111111111111111111111111111,0x2222222222222222222222222222222222222222,80.5,ETH,2026-12-04T23:00:00Z,0x00000000000000000000000000000000000000000000000000000000000001df
0x2222222222222222222222222222222222222222,0x1111111111111111111111111111111111111111,81.5,USDT,2026-01-05T00:00:00Z,0x00000000000000000000000000000000000000000000000000000000000001e0
0x1111111111111111111111111111111111111111,0x2222222222222222222222222222222222222222,82.5,ETH,2026-02-06T01:00:00Z,0x00000000000000000000000000000000000000000000000000000000000001e1
0x2222222222222222222222222222222222222222,0x1111111111111111111111111111111111111111,83.5,ETH,2026-03-07T02:00:00Z,0x00000000000000000000000000000000000000000000000000000000000001e2
0x1111111111111111111111111111111111111111,0x2222222222222222222222222222222222222222,84.5,USDT,2026-04-08T03:00:00Z,0x00000000000000000000000000000000000000000000000000000000000001e3
0x2222222222222222222222222222222222222222,0x1111111111111111111111111111111111111111,85.5,ETH,2026-05-09T04:00:00Z,0x00000000000000000000000000000000000000000000000000000000000001e4
0x1111111111111111111111111111111111111111,0x2222222222222222222222222222222222222222,86.5,ETH,2026-06-10T05:00:00Z,0x00000000000000000000000000000000000000000000000000000000000001e5
0x2222222222222222222222222222222222222222,0x1111111111111111111111111111111111111111,87.5,USDT,2026-07-11T06:00:00Z,0x00000000000000000000000000000000000000000000000000000000000001e6
0x1111111111111111111111111111111111111111,0x2222222222222222222222222222222222222222,88.5,ETH,2026-08-12T07:00:00Z,0x00000000000000000000000000000000000000000000000000000000000001e7
0x2222222222222222222222222222222222222222,0x1111111111111111111111111111111111111111,89.5,ETH,2026-09-13T08:00:00Z,0x00000000000000000000000000000000000000000000000000000000000001e8
0x1111111111111111111111111111111111111111,0x2222222222222222222222222222222222222222,90.5,USDT,2026-10-14T09:00:00Z,0x00000000000000000000000000000000000000000000000000000000000001e9
0x2222222222222222222222222222222222222222,0x1111111111111111111111111111111111111111,91.5,ETH,2026-11-15T10:00:00Z,0x00000000000000000000000000000000000000000000000000000000000001ea
0x1111111111111111111111111111111111111111,0x2222222222222222222222222222222222222222,92.5,ETH,2026-12-16T11:00:00Z,0x00000000000000000000000000000000000000000000000000000000000001eb
0x2222222222222222222222222222222222222222,0x1111111111111111111111111111111111111111,93.5,USDT,2026-01-17T12:00:00Z,0x00000000000000000000000000000000000000000000000000000000000001ec
0x1111111111111111111111111111111111111111,0x2222222222222222222222222222222222222222,94.5,ETH,2026-02-18T13:00:00Z,0x00000000000000000000000000000000000000000000000000000000000001ed
0x2222222222222222222222222222222222222222,0x1111111111111111111111111111111111111111,95.5,ETH,2026-03-19T14:00:00Z,0x00000000000000000000000000000000000000000000000000000000000001ee
0x1111111111111111111111111111111111111111,0x2222222222222222222222222222222222222222,96.5,USDT,2026-04-20T15:00:00Z,0x00000000000000000000000000000000000000000000000000000000000001ef
0x2222222222222222222222222222222222222222,0x1111111111111111111111111111111111111111,97.5,ETH,2026-05-21T16:00:00Z,0x00000000000000000000000000000000000000000000000000000000000001f0
0x1111111111111111111111111111111111111111,0x2222222222222222222222222222222222222222,98.5,ETH,2026-06-22T17:00:00Z,0x00000000000000000000000000000000000000000000000000000000000001f1
0x2222222222222222222222222222222222222222,0x1111111111111111111111111111111111111111,99.5,USDT,2026-07-23T18:00:00Z,0x00000000000000000000000000000000000000000000000000000000000001f2
0x1111111111111111111111111111111111111111,0x2222222222222222222222222222222222222222,100.5,ETH,2026-08-24T19:00:00Z,0x00000000000000000000000000000000000000000000000000000000000001f3
0x2222222222222222222222222222222222222222,0x1111111111111111111111111111111111111111,1.5,ETH,2026-09-25T20:00:00Z,0x00000000000000000000000000000000000000000000000000000000000001f4
0x1111111111111111111111111111111111111111,0x2222222222222222222222222222222222222222,2.5,USDT,2026-10-26T21:00:00Z,0x00000000000000000000000000000000000000000000000000000000000001f5
0x2222222222222222222222222222222222222222,0x1111111111111111111111111111111111111111,3.5,ETH,2026-11-27T22:00:00Z,0x00000000000000000000000000000000000000000000000000000000000001f6
0x1111111111111111111111111111111111111111,0x2222222222222222222222222222222222222222,4.5,ETH,2026-12-28T23:00:00Z,0x00000000000000000000000000000000000000000000000000000000000001f7
0x2222222222222222222222222222222222222222,0x1111111111111111111111111111111111111111,5.5,USDT,2026-01-01T00:00:00Z,0x00000000000000000000000000000000000000000000000000000000000001f8
0x1111111111111111111111111111111111111111,0x2222222222222222222222222222222222222222,6.5,ETH,2026-02-02T01:00:00Z,0x00000000000000000000000000000000000000000000000000000000000001f9
0x2222222222222222222222222222222222222222,0x1111111111111111111111111111111111111111,7.5,ETH,2026-03-03T02:00:00Z,0x00000000000000000000000000000000000000000000000000000000000001fa
0x1111111111111111111111111111111111111111,0x2222222222222222222222222222222222222222,8.5,USDT,2026-04-04T03:00:00Z,0x00000000000000000000000000000000000000000000000000000000000001fb
0x2222222222222222222222222222222222222222,0x1111111111111111111111111111111111111111,9.5,ETH,2026-05-05T04:00:00Z,0x00000000000000000000000000000000000000000000000000000000000001fc
0x1111111111111111111111111111111111111111,0x2222222222222222222222222222222222222222,10.5,ETH,2026-06-06T05:00:00Z,0x00000000000000000000000000000000000000000000000000000000000001fd
0x2222222222222222222222222222222222222222,0x1111111111111111111111111111111111111111,11.5,USDT,2026-07-07T06:00:00Z,0x00000000000000000000000000000000000000000000000000000000000001fe
0x1111111111111111111111111111111111111111,0x2222222222222222222222222222222222222222,12.5,ETH,2026-08-08T07:00:00Z,0x00000000000000000000000000000000000000000000000000000000000001ff
0x2222222222222222222222222222222222222222,0x1111111111111111111111111111111111111111,13.5,ETH,2026-09-09T08:00:00Z,0x0000000000000000000000000000000000000000000000000000000000000200
0x1111111111111111111111111111111111111111,0x2222222222222222222222222222222222222222,14.5,USDT,2026-10-10T09:00:00Z,0x0000000000000000000000000000000000000000000000000000000000000201
0x2222222222222222222222222222222222222222,0x1111111111111111111111111111111111111111,15.5,ETH,2026-11-11T10:00:00Z,0x0000000000000000000000000000000000000000000000000000000000000202
0x1111111111111111111111111111111111111111,0x2222222222222222222222222222222222222222,16.5,ETH,2026-12-12T11:00:00Z,0x0000000000000000000000000000000000000000000000000000000000000203
0x2222222222222222222222222222222222222222,0x1111111111111111111111111111111111111111,17.5,USDT,2026-01-13T12:00:00Z,0x0000000000000000000000000000000000000000000000000000000000000204
0x1111111111111111111111111111111111111111,0x2222222222222222222222222222222222222222,18.5,ETH,2026-02-14T13:00:00Z,0x0000000000000000000000000000000000000000000000000000000000000205
0x2222222222222222222222222222222222222222,0x1111111111111111111111111111111111111111,19.5,ETH,2026-03-15T14:00:00Z,0x0000000000000000000000000000000000000000000000000000000000000206
0x1111111111111111111111111111111111111111,0x2222222222222222222222222222222222222222,20.5,USDT,2026-04-16T15:00:00Z,0x0000000000000000000000000000000000000000000000000000000000000207
0x2222222222222222222222222222222222222222,0x1111111111111111111111111111111111111111,21.5,ETH,2026-05-17T16:00:00Z,0x0000000000000000000000000000000000000000000000000000000000000208
0x1111111111111111111111111111111111111111,0x2222222222222222222222222222222222222222,22.5,ETH,2026-06-18T17:00:00Z,0x0000000000000000000000000000000000000000000000000000000000000209
0x2222222222222222222222222222222222222222,0x1111111111111111111111111111111111111111,23.5,USDT,2026-07-19T18:00:00Z,0x000000000000000000000000000000000000000000000000000000000000020a
0x1111111111111111111111111111111111111111,0x2222222222222222222222222222222222222222,24.5,ETH,2026-08-20T19:00:00Z,0x000000000000000000000000000000000000000000000000000000000000020b
0x2222222222222222222222222222222222222222,0x1111111111111111111111111111111111111111,25.5,ETH,2026-09-21T20:00:00Z,0x000000000000000000000000000000000000000000000000000000000000020c
0x1111111111111111111111111111111111111111,0x2222222222222222222222222222222222222222,26.5,USDT,2026-10-22T21:00:00Z,0x000000000000000000000000000000000000000000000000000000000000020d
0x2222222222222222222222222222222222222222,0x1111111111111111111111111111111111111111,27.5,ETH,2026-11-23T22:00:00Z,0x000000000000000000000000000000000000000000000000000000000000020e
0x1111111111111111111111111111111111111111,0x2222222222222222222222222222222222222222,28.5,ETH,2026-12-24T23:00:00Z,0x000000000000000000000000000000000000000000000000000000000000020f
0x2222222222222222222222222222222222222222,0x1111111111111111111111111111111111111111,29.5,USDT,2026-01-25T00:00:00Z,0x0000000000000000000000000000000000000000000000000000000000000210
0x1111111111111111111111111111111111111111,0x2222222222222222222222222222222222222222,30.5,ETH,2026-02-26T01:00:00Z,0x0000000000000000000000000000000000000000000000000000000000000211
0x2222222222222222222222222222222222222222,0x1111111111111111111111111111111111111111,31.5,ETH,2026-03-27T02:00:00Z,0x0000000000000000000000000000000000000000000000000000000000000212
0x1111111111111111111111111111111111111111,0x2222222222222222222222222222222222222222,32.5,USDT,2026-04-28T03:00:00Z,0x0000000000000000000000000000000000000000000000000000000000000213
0x2222222222222222222222222222222222222222,0x1111111111111111111111111111111111111111,33.5,ETH,2026-05-01T04:00:00Z,0x0000000000000000000000000000000000000000000000000000000000000214
0x1111111111111111111111111111111111111111,0x2222222222222222222222222222222222222222,34.5,ETH,2026-06-02T05:00:00Z,0x0000000000000000000000000000000000000000000000000000000000000215
0x2222222222222222222222222222222222222222,0x1111111111111111111111111111111111111111,35.5,USDT,2026-07-03T06:00:00Z,0x0000000000000000000000000000000000000000000000000000000000000216
0x1111111111111111111111111111111111111111,0x2222222222222222222222222222222222222222,36.5,ETH,2026-08-04T07:00:00Z,0x0000000000000000000000000000000000000000000000000000000000000217
0x2222222222222222222222222222222222222222,0x1111111111111111111111111111111111111111,37.5,ETH,2026-09-05T08:00:00Z,0x0000000000000000000000000000000000000000000000000000000000000218
0x1111111111111111111111111111111111111111,0x2222222222222222222222222222222222222222,38.5,USDT,2026-10-06T09:00:00Z,0x0000000000000000000000000000000000000000000000000000000000000219
0x2222222222222222222222222222222222222222,0x1111111111111111111111111111111111111111,39.5,ETH,2026-11-07T10:00:00Z,0x000000000000000000000000000000000000000000000000000000000000021a
0x1111111111111111111111111111111111111111,0x2222222222222222222222222222222222222222,40.5,ETH,2026-12-08T11:00:00Z,0x000000000000000000000000000000000000000000000000000000000000021b
0x2222222222222222222222222222222222222222,0x1111111111111111111111111111111111111111,41.5,USDT,2026-01-09T12:00:00Z,0x000000000000000000000000000000000000000000000000000000000000021c
0x1111111111111111111111111111111111111111,0x2222222222222222222222222222222222222222,42.5,ETH,2026-02-10T13:00:00Z,0x000000000000000000000000000000000000000000000000000000000000021d
0x2222222222222222222222222222222222222222,0x1111111111111111111111111111111111111111,43.5,ETH,2026-03-11T14:00:00Z,0x000000000000000000000000000000000000000000000000000000000000021e
0x1111111111111111111111111111111111111111,0x2222222222222222222222222222222222222222,44.5,USDT,2026-04-12T15:00:00Z,0x000000000000000000000000000000000000000000000000000000000000021f
0x2222222222222222222222222222222222222222,0x1111111111111111111111111111111111111111,45.5,ETH,2026-05-13T16:00:00Z,0x0000000000000000000000000000000000000000000000000000000000000220
0x1111111111111111111111111111111111111111,0x2222222222222222222222222222222222222222,46.5,ETH,2026-06-14T17:00:00Z,0x0000000000000000000000000000000000000000000000000000000000000221
0x2222222222222222222222222222222222222222,0x1111111111111111111111111111111111111111,47.5,USDT,2026-07-15T18:00:00Z,0x0000000000000000000000000000000000000000000000000000000000000222
0x1111111111111111111111111111111111111111,0x2222222222222222222222222222222222222222,48.5,ETH,2026-08-16T19:00:00Z,0x0000000000000000000000000000000000000000000000000000000000000223
0x2222222222222222222222222222222222222222,0x1111111111111111111111111111111111111111,49.5,ETH,2026-09-17T20:00:00Z,0x0000000000000000000000000000000000000000000000000000000000000224
0x1111111111111111111111111111111111111111,0x2222222222222222222222222222222222222222,50.5,USDT,2026-10-18T21:00:00Z,0x0000000000000000000000000000000000000000000000000000000000000225
0x2222222222222222222222222222222222222222,0x1111111111111111111111111111111111111111,51.5,ETH,2026-11-19T22:00:00Z,0x0000000000000000000000000000000000000000000000000000000000000226
0x1111111111111111111111111111111111111111,0x2222222222222222222222222222222222222222,52.5,ETH,2026-12-20T23:00:00Z,0x0000000000000000000000000000000000000000000000000000000000000227
0x2222222222222222222222222222222222222222,0x1111111111111111111111111111111111111111,53.5,USDT,2026-01-21T00:00:00Z,0x0000000000000000000000000000000000000000000000000000000000000228
0x1111111111111111111111111111111111111111,0x2222222222222222222222222222222222222222,54.5,ETH,2026-02-22T01:00:00Z,0x0000000000000000000000000000000000000000000000000000000000000229
0x2222222222222222222222222222222222222222,0x1111111111111111111111111111111111111111,55.5,ETH,2026-03-23T02:00:00Z,0x000000000000000000000000000000000000000000000000000000000000022a
0x1111111111111111111111111111111111111111,0x2222222222222222222222222222222222222222,56.5,USDT,2026-04-24T03:00:00Z,0x000000000000000000000000000000000000000000000000000000000000022b
0x2222222222222222222222222222222222222222,0x1111111111111111111111111111111111111111,57.5,ETH,2026-05-25T04:00:00Z,0x000000000000000000000000000000000000000000000000000000000000022c
0x1111111111111111111111111111111111111111,0x2222222222222222222222222222222222222222,58.5,ETH,2026-06-26T05:00:00Z,0x000000000000000000000000000000000000000000000000000000000000022d
0x2222222222222222222222222222222222222222,0x1111111111111111111111111111111111111111,59.5,USDT,2026-07-27T06:00:00Z,0x000000000000000000000000000000000000000000000000000000000000022e
0x1111111111111111111111111111111111111111,0x2222222222222222222222222222222222222222,60.5,ETH,2026-08-28T07:00:00Z,0x000000000000000000000000000000000000000000000000000000000000022f
0x2222222222222222222222222222222222222222,0x1111111111111111111111111111111111111111,61.5,ETH,2026-09-01T08:00:00Z,0x0000000000000000000000000000000000000000000000000000000000000230
0x1111111111111111111111111111111111111111,0x2222222222222222222222222222222222222222,62.5,USDT,2026-10-02T09:00:00Z,0x0000000000000000000000000000000000000000000000000000000000000231
0x2222222222222222222222222222222222222222,0x1111111111111111111111111111111111111111,63.5,ETH,2026-11-03T10:00:00Z,0x0000000000000000000000000000000000000000000000000000000000000232
0x1111111111111111111111111111111111111111,0x2222222222222222222222222222222222222222,64.5,ETH,2026-12-04T11:00:00Z,0x0000000000000000000000000000000000000000000000000000000000000233
0x2222222222222222222222222222222222222222,0x1111111111111111111111111111111111111111,65.5,USDT,2026-01-05T12:00:00Z,0x0000000000000000000000000000000000000000000000000000000000000234
0x1111111111111111111111111111111111111111,0x2222222222222222222222222222222222222222,66.5,ETH,2026-02-06T13:00:00Z,0x0000000000000000000000000000000000000000000000000000000000000235
0x2222222222222222222222222222222222222222,0x1111111111111111111111111111111111111111,67.5,ETH,2026-03-07T14:00:00Z,0x0000000000000000000000000000000000000000000000000000000000000236
0x1111111111111111111111111111111111111111,0x2222222222222222222222222222222222222222,68.5,USDT,2026-04-08T15:00:00Z,0x0000000000000000000000000000000000000000000000000000000000000237
0x2222222222222222222222222222222222222222,0x1111111111111111111111111111111111111111,69.5,ETH,2026-05-09T16:00:00Z,0x0000000000000000000000000000000000000000000000000000000000000238
0x1111111111111111111111111111111111111111,0x2222222222222222222222222222222222222222,70.5,ETH,2026-06-10T17:00:00Z,0x0000000000000000000000000000000000000000000000000000000000000239
0x2222222222222222222222222222222222222222,0x1111111111111111111111111111111111111111,71.5,USDT,2026-07-11T18:00:00Z,0x000000000000000000000000000000000000000000000000000000000000023a
0x1111111111111111111111111111111111111111,0x2222222222222222222222222222222222222222,72.5,ETH,2026-08-12T19:00:00Z,0x000000000000000000000000000000000000000000000000000000000000023b
0x2222222222222222222222222222222222222222,0x1111111111111111111111111111111111111111,73.5,ETH,2026-09-13T20:00:00Z,0x000000000000000000000000000000000000000000000000000000000000023c
0x1111111111111111111111111111111111111111,0x2222222222222222222222222222222222222222,74.5,USDT,2026-10-14T21:00:00Z,0x000000000000000000000000000000000000000000000000000000000000023d
0x2222222222222222222222222222222222222222,0x1111111111111111111111111111111111111111,75.5,ETH,2026-11-15T22:00:00Z,0x000000000000000000000000000000000000000000000000000000000000023e
0x1111111111111111111111111111111111111111,0x2222222222222222222222222222222222222222,76.5,ETH,2026-12-16T23:00:00Z,0x000000000000000000000000000000000000000000000000000000000000023f
0x2222222222222222222222222222222222222222,0x1111111111111111111111111111111111111111,77.5,USDT,2026-01-17T00:00:00Z,0x0000000000000000000000000000000000000000000000000000000000000240
0x1111111111111111111111111111111111111111,0x2222222222222222222222222222222222222222,78.5,ETH,2026-02-18T01:00:00Z,0x0000000000000000000000000000000000000000000000000000000000000241
0x2222222222222222222222222222222222222222,0x1111111111111111111111111111111111111111,79.5,ETH,2026-03-19T02:00:00Z,0x0000000000000000000000000000000000000000000000000000000000000242
0x1111111111111111111111111111111111111111,0x2222222222222222222222222222222222222222,80.5,USDT,2026-04-20T03:00:00Z,0x0000000000000000000000000000000000000000000000000000000000000243
0x2222222222222222222222222222222222222222,0x1111111111111111111111111111111111111111,81.5,ETH,2026-05-21T04:00:00Z,0x0000000000000000000000000000000000000000000000000000000000000244
0x1111111111111111111111111111111111111111,0x2222222222222222222222222222222222222222,82.5,ETH,2026-06-22T05:00:00Z,0x0000000000000000000000000000000000000000000000000000000000000245
0x2222222222222222222222222222222222222222,0x1111111111111111111111111111111111111111,83.5,USDT,2026-07-23T06:00:00Z,0x0000000000000000000000000000000000000000000000000000000000000246
0x1111111111111111111111111111111111111111,0x2222222222222222222222222222222222222222,84.5,ETH,2026-08-24T07:00:00Z,0x0000000000000000000000000000000000000000000000000000000000000247
0x2222222222222222222222222222222222222222,0x1111111111111111111111111111111111111111,85.5,ETH,2026-09-25T08:00:00Z,0x0000000000000000000000000000000000000000000000000000000000000248
0x1111111111111111111111111111111111111111,0x2222222222222222222222222222222222222222,86.5,USDT,2026-10-26T09:00:00Z,0x0000000000000000000000000000000000000000000000000000000000000249
0x2222222222222222222222222222222222222222,0x1111111111111111111111111111111111111111,87.5,ETH,2026-11-27T10:00:00Z,0x000000000000000000000000000000000000000000000000000000000000024a
0x1111111111111111111111111111111111111111,0x2222222222222222222222222222222222222222,88.5,ETH,2026-12-28T11:00:00Z,0x000000000000000000000000000000000000000000000000000000000000024b
0x2222222222222222222222222222222222222222,0x1111111111111111111111111111111111111111,89.5,USDT,2026-01-01T12:00:00Z,0x000000000000000000000000000000000000000000000000000000000000024c
0x1111111111111111111111111111111111111111,0x2222222222222222222222222222222222222222,90.5,ETH,2026-02-02T13:00:00Z,0x000000000000000000000000000000000000000000000000000000000000024d
0x2222222222222222222222222222222222222222,0x1111111111111111111111111111111111111111,91.5,ETH,2026-03-03T14:00:00Z,0x000000000000000000000000000000000000000000000000000000000000024e
0x1111111111111111111111111111111111111111,0x2222222222222222222222222222222222222222,92.5,USDT,2026-04-04T15:00:00Z,0x000000000000000000000000000000000000000000000000000000000000024f
0x2222222222222222222222222222222222222222,0x1111111111111111111111111111111111111111,93.5,ETH,2026-05-05T16:00:00Z,0x0000000000000000000000000000000000000000000000000000000000000250
0x1111111111111111111111111111111111111111,0x2222222222222222222222222222222222222222,94.5,ETH,2026-06-06T17:00:00Z,0x0000000000000000000000000000000000000000000000000000000000000251
0x2222222222222222222222222222222222222222,0x1111111111111111111111111111111111111111,95.5,USDT,2026-07-07T18:00:00Z,0x0000000000000000000000000000000000000000000000000000000000000252
0x1111111111111111111111111111111111111111,0x2222222222222222222222222222222222222222,96.5,ETH,2026-08-08T19:00:00Z,0x0000000000000000000000000000000000000000000000000000000000000253
0x2222222222222222222222222222222222222222,0x1111111111111111111111111111111111111111,97.5,ETH,2026-09-09T20:00:00Z,0x0000000000000000000000000000000000000000000000000000000000000254
0x1111111111111111111111111111111111111111,0x2222222222222222222222222222222222222222,98.5,USDT,2026-10-10T21:00:00Z,0x0000000000000000000000000000000000000000000000000000000000000255
0x2222222222222222222222222222222222222222,0x1111111111111111111111111111111111111111,99.5,ETH,2026-11-11T22:00:00Z,0x0000000000000000000000000000000000000000000000000000000000000256
0x1111111111111111111111111111111111111111,0x2222222222222222222222222222222222222222,100.5,ETH,2026-12-12T23:00:00Z,0x0000000000000000000000000000000000000000000000000000000000000257
0x2222222222222222222222222222222222222222,0x1111111111111111111111111111111111111111,1.5,USDT,2026-01-13T00:00:00Z,0x0000000000000000000000000000000000000000000000000000000000000258
0x1111111111111111111111111111111111111111,0x2222222222222222222222222222222222222222,2.5,ETH,2026-02-14T01:00:00Z,0x0000000000000000000000000000000000000000000000000000000000000259
0x2222222222222222222222222222222222222222,0x1111111111111111111111111111111111111111,3.5,ETH,2026-03-15T02:00:00Z,0x000000000000000000000000000000000000000000000000000000000000025a
0x1111111111111111111111111111111111111111,0x2222222222222222222222222222222222222222,4.5,USDT,2026-04-16T03:00:00Z,0x000000000000000000000000000000000000000000000000000000000000025b
0x2222222222222222222222222222222222222222,0x1111111111111111111111111111111111111111,5.5,ETH,2026-05-17T04:00:00Z,0x000000000000000000000000000000000000000000000000000000000000025c
0x1111111111111111111111111111111111111111,0x2222222222222222222222222222222222222222,6.5,ETH,2026-06-18T05:00:00Z,0x000000000000000000000000000000000000000000000000000000000000025d
0x2222222222222222222222222222222222222222,0x1111111111111111111111111111111111111111,7.5,USDT,2026-07-19T06:00:00Z,0x000000000000000000000000000000000000000000000000000000000000025e
0x1111111111111111111111111111111111111111,0x2222222222222222222222222222222222222222,8.5,ETH,2026-08-20T07:00:00Z,0x000000000000000000000000000000000000000000000000000000000000025f
0x2222222222222222222222222222222222222222,0x1111111111111111111111111111111111111111,9.5,ETH,2026-09-21T08:00:00Z,0x0000000000000000000000000000000000000000000000000000000000000260
0x1111111111111111111111111111111111111111,0x2222222222222222222222222222222222222222,10.5,USDT,2026-10-22T09:00:00Z,0x0000000000000000000000000000000000000000000000000000000000000261
0x2222222222222222222222222222222222222222,0x1111111111111111111111111111111111111111,11.5,ETH,2026-11-23T10:00:00Z,0x0000000000000000000000000000000000000000000000000000000000000262
0x1111111111111111111111111111111111111111,0x2222222222222222222222222222222222222222,12.5,ETH,2026-12-24T11:00:00Z,0x0000000000000000000000000000000000000000000000000000000000000263
0x2222222222222222222222222222222222222222,0x1111111111111111111111111111111111111111,13.5,USDT,2026-01-25T12:00:00Z,0x0000000000000000000000000000000000000000000000000000000000000264
0x1111111111111111111111111111111111111111,0x2222222222222222222222222222222222222222,14.5,ETH,2026-02-26T13:00:00Z,0x0000000000000000000000000000000000000000000000000000000000000265
0x2222222222222222222222222222222222222222,0x1111111111111111111111111111111111111111,15.5,ETH,2026-03-27T14:00:00Z,0x0000000000000000000000000000000000000000000000000000000000000266
0x1111111111111111111111111111111111111111,0x2222222222222222222222222222222222222222,16.5,USDT,2026-04-28T15:00:00Z,0x0000000000000000000000000000000000000000000000000000000000000267
0x2222222222222222222222222222222222222222,0x1111111111111111111111111111111111111111,17.5,ETH,2026-05-01T16:00:00Z,0x0000000000000000000000000000000000000000000000000000000000000268
0x1111111111111111111111111111111111111111,0x2222222222222222222222222222222222222222,18.5,ETH,2026-06-02T17:00:00Z,0x0000000000000000000000000000000000000000000000000000000000000269
0x2222222222222222222222222222222222222222,0x1111111111111111111111111111111111111111,19.5,USDT,2026-07-03T18:00:00Z,0x000000000000000000000000000000000000000000000000000000000000026a
0x1111111111111111111111111111111111111111,0x2222222222222222222222222222222222222222,20.5,ETH,2026-08-04T19:00:00Z,0x000000000000000000000000000000000000000000000000000000000000026b
0x2222222222222222222222222222222222222222,0x1111111111111111111111111111111111111111,21.5,ETH,2026-09-05T20:00:00Z,0x000000000000000000000000000000000000000000000000000000000000026c
0x1111111111111111111111111111111111111111,0x2222222222222222222222222222222222222222,22.5,USDT,2026-10-06T21:00:00Z,0x000000000000000000000000000000000000000000000000000000000000026d
0x2222222222222222222222222222222222222222,0x1111111111111111111111111111111111111111,23.5,ETH,2026-11-07T22:00:00Z,0x000000000000000000000000000000000000000000000000000000000000026e
0x1111111111111111111111111111111111111111,0x2222222222222222222222222222222222222222,24.5,ETH,2026-12-08T23:00:00Z,0x000000000000000000000000000000000000000000000000000000000000026f
0x2222222222222222222222222222222222222222,0x1111111111111111111111111111111111111111,25.5,USDT,2026-01-09T00:00:00Z,0x0000000000000000000000000000000000000000000000000000000000000270
0x1111111111111111111111111111111111111111,0x2222222222222222222222222222222222222222,26.5,ETH,2026-02-10T01:00:00Z,0x0000000000000000000000000000000000000000000000000000000000000271
0x2222222222222222222222222222222222222222,0x1111111111111111111111111111111111111111,27.5,ETH,2026-03-11T02:00:00Z,0x0000000000000000000000000000000000000000000000000000000000000272
0x1111111111111111111111111111111111111111,0x2222222222222222222222222222222222222222,28.5,USDT,2026-04-12T03:00:00Z,0x0000000000000000000000000000000000000000000000000000000000000273
0x2222222222222222222222222222222222222222,0x1111111111111111111111111111111111111111,29.5,ETH,2026-05-13T04:00:00Z,0x0000000000000000000000000000000000000000000000000000000000000274
0x1111111111111111111111111111111111111111,0x2222222222222222222222222222222222222222,30.5,ETH,2026-06-14T05:00:00Z,0x0000000000000000000000000000000000000000000000000000000000000275
0x2222222222222222222222222222222222222222,0x1111111111111111111111111111111111111111,31.5,USDT,2026-07-15T06:00:00Z,0x0000000000000000000000000000000000000000000000000000000000000276
0x1111111111111111111111111111111111111111,0x2222222222222222222222222222222222222222,32.5,ETH,2026-08-16T07:00:00Z,0x0000000000000000000000000000000000000000000000000000000000000277
0x2222222222222222222222222222222222222222,0x1111111111111111111111111111111111111111,33.5,ETH,2026-09-17T08:00:00Z,0x0000000000000000000000000000000000000000000000000000000000000278
0x1111111111111111111111111111111111111111,0x2222222222222222222222222222222222222222,34.5,USDT,2026-10-18T09:00:00Z,0x0000000000000000000000000000000000000000000000000000000000000279
0x2222222222222222222222222222222222222222,0x1111111111111111111111111111111111111111,35.5,ETH,2026-11-19T10:00:00Z,0x000000000000000000000000000000000000000000000000000000000000027a
0x1111111111111111111111111111111111111111,0x2222222222222222222222222222222222222222,36.5,ETH,2026-12-20T11:00:00Z,0x000000000000000000000000000000000000000000000000000000000000027b
0x2222222222222222222222222222222222222222,0x1111111111111111111111111111111111111111,37.5,USDT,2026-01-21T12:00:00Z,0x000000000000000000000000000000000000000000000000000000000000027c
0x1111111111111111111111111111111111111111,0x2222222222222222222222222222222222222222,38.5,ETH,2026-02-22T13:00:00Z,0x000000000000000000000000000000000000000000000000000000000000027d
0x2222222222222222222222222222222222222222,0x1111111111111111111111111111111111111111,39.5,ETH,2026-03-23T14:00:00Z,0x000000000000000000000000000000000000000000000000000000000000027e
0x1111111111111111111111111111111111111111,0x2222222222222222222222222222222222222222,40.5,USDT,2026-04-24T15:00:00Z,0x000000000000000000000000000000000000000000000000000000000000027f
0x2222222222222222222222222222222222222222,0x1111111111111111111111111111111111111111,41.5,ETH,2026-05-25T16:00:00Z,0x0000000000000000000000000000000000000000000000000000000000000280
0x1111111111111111111111111111111111111111,0x2222222222222222222222222222222222222222,42.5,ETH,2026-06-26T17:00:00Z,0x0000000000000000000000000000000000000000000000000000000000000281
0x2222222222222222222222222222222222222222,0x1111111111111111111111111111111111111111,43.5,USDT,2026-07-27T18:00:00Z,0x0000000000000000000000000000000000000000000000000000000000000282
0x1111111111111111111111111111111111111111,0x2222222222222222222222222222222222222222,44.5,ETH,2026-08-28T19:00:00Z,0x0000000000000000000000000000000000000000000000000000000000000283
0x2222222222222222222222222222222222222222,0x1111111111111111111111111111111111111111,45.5,ETH,2026-09-01T20:00:00Z,0x0000000000000000000000000000000000000000000000000000000000000284
0x1111111111111111111111111111111111111111,0x2222222222222222222222222222222222222222,46.5,USDT,2026-10-02T21:00:00Z,0x0000000000000000000000000000000000000000000000000000000000000285
0x2222222222222222222222222222222222222222,0x1111111111111111111111111111111111111111,47.5,ETH,2026-11-03T22:00:00Z,0x0000000000000000000000000000000000000000000000000000000000000286
0x1111111111111111111111111111111111111111,0x2222222222222222222222222222222222222222,48.5,ETH,2026-12-04T23:00:00Z,0x0000000000000000000000000000000000000000000000000000000000000287
0x2222222222222222222222222222222222222222,0x1111111111111111111111111111111111111111,49.5,USDT,2026-01-05T00:00:00Z,0x0000000000000000000000000000000000000000000000000000000000000288
0x1111111111111111111111111111111111111111,0x2222222222222222222222222222222222222222,50.5,ETH,2026-02-06T01:00:00Z,0x0000000000000000000000000000000000000000000000000000000000000289
0x2222222222222222222222222222222222222222,0x1111111111111111111111111111111111111111,51.5,ETH,2026-03-07T02:00:00Z,0x000000000000000000000000000000000000000000000000000000000000028a
0x1111111111111111111111111111111111111111,0x2222222222222222222222222222222222222222,52.5,USDT,2026-04-08T03:00:00Z,0x000000000000000000000000000000000000000000000000000000000000028b
0x2222222222222222222222222222222222222222,0x1111111111111111111111111111111111111111,53.5,ETH,2026-05-09T04:00:00Z,0x000000000000000000000000000000000000000000000000000000000000028c
0x1111111111111111111111111111111111111111,0x2222222222222222222222222222222222222222,54.5,ETH,2026-06-10T05:00:00Z,0x000000000000000000000000000000000000000000000000000000000000028d
0x2222222222222222222222222222222222222222,0x1111111111111111111111111111111111111111,55.5,USDT,2026-07-11T06:00:00Z,0x000000000000000000000000000000000000000000000000000000000000028e
0x1111111111111111111111111111111111111111,0x2222222222222222222222222222222222222222,56.5,ETH,2026-08-12T07:00:00Z,0x000000000000000000000000000000000000000000000000000000000000028f
0x2222222222222222222222222222222222222222,0x1111111111111111111111111111111111111111,57.5,ETH,2026-09-13T08:00:00Z,0x0000000000000000000000000000000000000000000000000000000000000290
0x1111111111111111111111111111111111111111,0x2222222222222222222222222222222222222222,58.5,USDT,2026-10-14T09:00:00Z,0x0000000000000000000000000000000000000000000000000000000000000291
0x2222222222222222222222222222222222222222,0x1111111111111111111111111111111111111111,59.5,ETH,2026-11-15T10:00:00Z,0x0000000000000000000000000000000000000000000000000000000000000292
0x1111111111111111111111111111111111111111,0x2222222222222222222222222222222222222222,60.5,ETH,2026-12-16T11:00:00Z,0x0000000000000000000000000000000000000000000000000000000000000293
0x2222222222222222222222222222222222222222,0x1111111111111111111111111111111111111111,61.5,USDT,2026-01-17T12:00:00Z,0x0000000000000000000000000000000000000000000000000000000000000294
0x1111111111111111111111111111111111111111,0x2222222222222222222222222222222222222222,62.5,ETH,2026-02-18T13:00:00Z,0x0000000000000000000000000000000000000000000000000000000000000295
0x2222222222222222222222222222222222222222,0x1111111111111111111111111111111111111111,63.5,ETH,2026-03-19T14:00:00Z,0x0000000000000000000000000000000000000000000000000000000000000296
0x1111111111111111111111111111111111111111,0x2222222222222222222222222222222222222222,64.5,USDT,2026-04-20T15:00:00Z,0x0000000000000000000000000000000000000000000000000000000000000297
0x2222222222222222222222222222222222222222,0x1111111111111111111111111111111111111111,65.5,ETH,2026-05-21T16:00:00Z,0x0000000000000000000000000000000000000000000000000000000000000298
0x1111111111111111111111111111111111111111,0x2222222222222222222222222222222222222222,66.5,ETH,2026-06-22T17:00:00Z,0x0000000000000000000000000000000000000000000000000000000000000299
0x2222222222222222222222222222222222222222,0x1111111111111111111111111111111111111111,67.5,USDT,2026-07-23T18:00:00Z,0x000000000000000000000000000000000000000000000000000000000000029a
0x1111111111111111111111111111111111111111,0x2222222222222222222222222222222222222222,68.5,ETH,2026-08-24T19:00:00Z,0x000000000000000000000000000000000000000000000000000000000000029b
0x2222222222222222222222222222222222222222,0x1111111111111111111111111111111111111111,69.5,ETH,2026-09-25T20:00:00Z,0x000000000000000000000000000000000000000000000000000000000000029c
0x1111111111111111111111111111111111111111,0x2222222222222222222222222222222222222222,70.5,USDT,2026-10-26T21:00:00Z,0x000000000000000000000000000000000000000000000000000000000000029d
0x2222222222222222222222222222222222222222,0x1111111111111111111111111111111111111111,71.5,ETH,2026-11-27T22:00:00Z,0x000000000000000000000000000000000000000000000000000000000000029e
0x1111111111111111111111111111111111111111,0x2222222222222222222222222222222222222222,72.5,ETH,2026-12-28T23:00:00Z,0x000000000000000000000000000000000000000000000000000000000000029f
0x2222222222222222222222222222222222222222,0x1111111111111111111111111111111111111111,73.5,USDT,2026-01-01T00:00:00Z,0x00000000000000000000000000000000000000000000000000000000000002a0
0x1111111111111111111111111111111111111111,0x2222222222222222222222222222222222222222,74.5,ETH,2026-02-02T01:00:00Z,0x00000000000000000000000000000000000000000000000000000000000002a1
0x2222222222222222222222222222222222222222,0x1111111111111111111111111111111111111111,75.5,ETH,2026-03-03T02:00:00Z,0x00000000000000000000000000000000000000000000000000000000000002a2
0x1111111111111111111111111111111111111111,0x2222222222222222222222222222222222222222,76.5,USDT,2026-04-04T03:00:00Z,0x00000000000000000000000000000000000000000000000000000000000002a3
0x2222222222222222222222222222222222222222,0x1111111111111111111111111111111111111111,77.5,ETH,2026-05-05T04:00:00Z,0x00000000000000000000000000000000000000000000000000000000000002a4
0x1111111111111111111111111111111111111111,0x2222222222222222222222222222222222222222,78.5,ETH,2026-06-06T05:00:00Z,0x00000000000000000000000000000000000000000000000000000000000002a5
0x2222222222222222222222222222222222222222,0x1111111111111111111111111111111111111111,79.5,USDT,2026-07-07T06:00:00Z,0x00000000000000000000000000000000000000000000000000000000000002a6
0x1111111111111111111111111111111111111111,0x2222222222222222222222222222222222222222,80.5,ETH,2026-08-08T07:00:00Z,0x00000000000000000000000000000000000000000000000000000000000002a7
0x2222222222222222222222222222222222222222,0x1111111111111111111111111111111111111111,81.5,ETH,2026-09-09T08:00:00Z,0x00000000000000000000000000000000000000000000000000000000000002a8
0x1111111111111111111111111111111111111111,0x2222222222222222222222222222222222222222,82.5,USDT,2026-10-10T09:00:00Z,0x00000000000000000000000000000000000000000000000000000000000002a9
0x2222222222222222222222222222222222222222,0x1111111111111111111111111111111111111111,83.5,ETH,2026-11-11T10:00:00Z,0x00000000000000000000000000000000000000000000000000000000000002aa
0x1111111111111111111111111111111111111111,0x2222222222222222222222222222222222222222,84.5,ETH,2026-12-12T11:00:00Z,0x00000000000000000000000000000000000000000000000000000000000002ab
0x2222222222222222222222222222222222222222,0x1111111111111111111111111111111111111111,85.5,USDT,2026-01-13T12:00:00Z,0x00000000000000000000000000000000000000000000000000000000000002ac
0x1111111111111111111111111111111111111111,0x2222222222222222222222222222222222222222,86.5,ETH,2026-02-14T13:00:00Z,0x00000000000000000000000000000000000000000000000000000000000002ad
0x2222222222222222222222222222222222222222,0x1111111111111111111111111111111111111111,87.5,ETH,2026-03-15T14:00:00Z,0x00000000000000000000000000000000000000000000000000000000000002ae
0x1111111111111111111111111111111111111111,0x2222222222222222222222222222222222222222,88.5,USDT,2026-04-16T15:00:00Z,0x00000000000000000000000000000000000000000000000000000000000002af
0x2222222222222222222222222222222222222222,0x1111111111111111111111111111111111111111,89.5,ETH,2026-05-17T16:00:00Z,0x00000000000000000000000000000000000000000000000000000000000002b0
0x1111111111111111111111111111111111111111,0x2222222222222222222222222222222222222222,90.5,ETH,2026-06-18T17:00:00Z,0x00000000000000000000000000000000000000000000000000000000000002b1
0x2222222222222222222222222222222222222222,0x1111111111111111111111111111111111111111,91.5,USDT,2026-07-19T18:00:00Z,0x00000000000000000000000000000000000000000000000000000000000002b2
0x1111111111111111111111111111111111111111,0x2222222222222222222222222222222222222222,92.5,ETH,2026-08-20T19:00:00Z,0x00000000000000000000000000000000000000000000000000000000000002b3
0x2222222222222222222222222222222222222222,0x1111111111111111111111111111111111111111,93.5,ETH,2026-09-21T20:00:00Z,0x00000000000000000000000000000000000000000000000000000000000002b4
0x1111111111111111111111111111111111111111,0x2222222222222222222222222222222222222222,94.5,USDT,2026-10-22T21:00:00Z,0x00000000000000000000000000000000000000000000000000000000000002b5
0x2222222222222222222222222222222222222222,0x1111111111111111111111111111111111111111,95.5,ETH,2026-11-23T22:00:00Z,0x00000000000000000000000000000000000000000000000000000000000002b6
0x1111111111111111111111111111111111111111,0x2222222222222222222222222222222222222222,96.5,ETH,2026-12-24T23:00:00Z,0x00000000000000000000000000000000000000000000000000000000000002b7
0x2222222222222222222222222222222222222222,0x1111111111111111111111111111111111111111,97.5,USDT,2026-01-25T00:00:00Z,0x00000000000000000000000000000000000000000000000000000000000002b8
0x1111111111111111111111111111111111111111,0x2222222222222222222222222222222222222222,98.5,ETH,2026-02-26T01:00:00Z,0x00000000000000000000000000000000000000000000000000000000000002b9
0x2222222222222222222222222222222222222222,0x1111111111111111111111111111111111111111,99.5,ETH,2026-03-27T02:00:00Z,0x00000000000000000000000000000000000000000000000000000000000002ba
0x1111111111111111111111111111111111111111,0x2222222222222222222222222222222222222222,100.5,USDT,2026-04-28T03:00:00Z,0x00000000000000000000000000000000000000000000000000000000000002bb
0x2222222222222222222222222222222222222222,0x1111111111111111111111111111111111111111,1.5,ETH,2026-05-01T04:00:00Z,0x00000000000000000000000000000000000000000000000000000000000002bc
0x1111111111111111111111111111111111111111,0x2222222222222222222222222222222222222222,2.5,ETH,2026-06-02T05:00:00Z,0x00000000000000000000000000000000000000000000000000000000000002bd
0x2222222222222222222222222222222222222222,0x1111111111111111111111111111111111111111,3.5,USDT,2026-07-03T06:00:00Z,0x00000000000000000000000000000000000000000000000000000000000002be
0x1111111111111111111111111111111111111111,0x2222222222222222222222222222222222222222,4.5,ETH,2026-08-04T07:00:00Z,0x00000000000000000000000000000000000000000000000000000000000002bf
0x2222222222222222222222222222222222222222,0x1111111111111111111111111111111111111111,5.5,ETH,2026-09-05T08:00:00Z,0x00000000000000000000000000000000000000000000000000000000000002c0
0x1111111111111111111111111111111111111111,0x2222222222222222222222222222222222222222,6.5,USDT,2026-10-06T09:00:00Z,0x00000000000000000000000000000000000000000000000000000000000002c1
0x2222222222222222222222222222222222222222,0x1111111111111111111111111111111111111111,7.5,ETH,2026-11-07T10:00:00Z,0x00000000000000000000000000000000000000000000000000000000000002c2
0x1111111111111111111111111111111111111111,0x2222222222222222222222222222222222222222,8.5,ETH,2026-12-08T11:00:00Z,0x00000000000000000000000000000000000000000000000000000000000002c3
0x2222222222222222222222222222222222222222,0x1111111111111111111111111111111111111111,9.5,USDT,2026-01-09T12:00:00Z,0x00000000000000000000000000000000000000000000000000000000000002c4
0x1111111111111111111111111111111111111111,0x2222222222222222222222222222222222222222,10.5,ETH,2026-02-10T13:00:00Z,0x00000000000000000000000000000000000000000000000000000000000002c5
0x2222222222222222222222222222222222222222,0x1111111111111111111111111111111111111111,11.5,ETH,2026-03-11T14:00:00Z,0x00000000000000000000000000000000000000000000000000000000000002c6
0x1111111111111111111111111111111111111111,0x2222222222222222222222222222222222222222,12.5,USDT,2026-04-12T15:00:00Z,0x00000000000000000000000000000000000000000000000000000000000002c7
0x2222222222222222222222222222222222222222,0x1111111111111111111111111111111111111111,13.5,ETH,2026-05-13T16:00:00Z,0x00000000000000000000000000000000000000000000000000000000000002c8
0x1111111111111111111111111111111111111111,0x2222222222222222222222222222222222222222,14.5,ETH,2026-06-14T17:00:00Z,0x00000000000000000000000000000000000000000000000000000000000002c9
0x2222222222222222222222222222222222222222,0x1111111111111111111111111111111111111111,15.5,USDT,2026-07-15T18:00:00Z,0x00000000000000000000000000000000000000000000000000000000000002ca
0x1111111111111111111111111111111111111111,0x2222222222222222222222222222222222222222,16.5,ETH,2026-08-16T19:00:00Z,0x00000000000000000000000000000000000000000000000000000000000002cb
0x2222222222222222222222222222222222222222,0x1111111111111111111111111111111111111111,17.5,ETH,2026-09-17T20:00:00Z,0x00000000000000000000000000000000000000000000000000000000000002cc
0x1111111111111111111111111111111111111111,0x2222222222222222222222222222222222222222,18.5,USDT,2026-10-18T21:00:00Z,0x00000000000000000000000000000000000000000000000000000000000002cd
0x2222222222222222222222222222222222222222,0x1111111111111111111111111111111111111111,19.5,ETH,2026-11-19T22:00:00Z,0x00000000000000000000000000000000000000000000000000000000000002ce
0x1111111111111111111111111111111111111111,0x2222222222222222222222222222222222222222,20.5,ETH,2026-12-20T23:00:00Z,0x00000000000000000000000000000000000000000000000000000000000002cf
0x2222222222222222222222222222222222222222,0x1111111111111111111111111111111111111111,21.5,USDT,2026-01-21T00:00:00Z,0x00000000000000000000000000000000000000000000000000000000000002d0
0x1111111111111111111111111111111111111111,0x2222222222222222222222222222222222222222,22.5,ETH,2026-02-22T01:00:00Z,0x00000000000000000000000000000000000000000000000000000000000002d1
0x2222222222222222222222222222222222222222,0x1111111111111111111111111111111111111111,23.5,ETH,2026-03-23T02:00:00Z,0x00000000000000000000000000000000000000000000000000000000000002d2
0x1111111111111111111111111111111111111111,0x2222222222222222222222222222222222222222,24.5,USDT,2026-04-24T03:00:00Z,0x00000000000000000000000000000000000000000000000000000000000002d3
0x2222222222222222222222222222222222222222,0x1111111111111111111111111111111111111111,25.5,ETH,2026-05-25T04:00:00Z,0x00000000000000000000000000000000000000000000000000000000000002d4
0x1111111111111111111111111111111111111111,0x2222222222222222222222222222222222222222,26.5,ETH,2026-06-26T05:00:00Z,0x00000000000000000000000000000000000000000000000000000000000002d5
0x2222222222222222222222222222222222222222,0x1111111111111111111111111111111111111111,27.5,USDT,2026-07-27T06:00:00Z,0x00000000000000000000000000000000000000000000000000000000000002d6
0x1111111111111111111111111111111111111111,0x2222222222222222222222222222222222222222,28.5,ETH,2026-08-28T07:00:00Z,0x00000000000000000000000000000000000000000000000000000000000002d7
0x2222222222222222222222222222222222222222,0x1111111111111111111111111111111111111111,29.5,ETH,2026-09-01T08:00:00Z,0x00000000000000000000000000000000000000000000000000000000000002d8
0x1111111111111111111111111111111111111111,0x2222222222222222222222222222222222222222,30.5,USDT,2026-10-02T09:00:00Z,0x00000000000000000000000000000000000000000000000000000000000002d9
0x2222222222222222222222222222222222222222,0x1111111111111111111111111111111111111111,31.5,ETH,2026-11-03T10:00:00Z,0x00000000000000000000000000000000000000000000000000000000000002da
0x1111111111111111111111111111111111111111,0x2222222222222222222222222222222222222222,32.5,ETH,2026-12-04T11:00:00Z,0x00000000000000000000000000000000000000000000000000000000000002db
0x2222222222222222222222222222222222222222,0x1111111111111111111111111111111111111111,33.5,USDT,2026-01-05T12:00:00Z,0x00000000000000000000000000000000000000000000000000000000000002dc
0x1111111111111111111111111111111111111111,0x2222222222222222222222222222222222222222,34.5,ETH,2026-02-06T13:00:00Z,0x00000000000000000000000000000000000000000000000000000000000002dd
0x2222222222222222222222222222222222222222,0x1111111111111111111111111111111111111111,35.5,ETH,2026-03-07T14:00:00Z,0x00000000000000000000000000000000000000000000000000000000000002de
0x1111111111111111111111111111111111111111,0x2222222222222222222222222222222222222222,36.5,USDT,2026-04-08T15:00:00Z,0x00000000000000000000000000000000000000000000000000000000000002df
0x2222222222222222222222222222222222222222,0x1111111111111111111111111111111111111111,37.5,ETH,2026-05-09T16:00:00Z,0x00000000000000000000000000000000000000000000000000000000000002e0
0x1111111111111111111111111111111111111111,0x2222222222222222222222222222222222222222,38.5,ETH,2026-06-10T17:00:00Z,0x00000000000000000000000000000000000000000000000000000000000002e1
0x2222222222222222222222222222222222222222,0x1111111111111111111111111111111111111111,39.5,USDT,2026-07-11T18:00:00Z,0x00000000000000000000000000000000000000000000000000000000000002e2
0x1111111111111111111111111111111111111111,0x2222222222222222222222222222222222222222,40.5,ETH,2026-08-12T19:00:00Z,0x00000000000000000000000000000000000000000000000000000000000002e3
0x2222222222222222222222222222222222222222,0x1111111111111111111111111111111111111111,41.5,ETH,2026-09-13T20:00:00Z,0x00000000000000000000000000000000000000000000000000000000000002e4
0x1111111111111111111111111111111111111111,0x2222222222222222222222222222222222222222,42.5,USDT,2026-10-14T21:00:00Z,0x00000000000000000000000000000000000000000000000000000000000002e5
0x2222222222222222222222222222222222222222,0x1111111111111111111111111111111111111111,43.5,ETH,2026-11-15T22:00:00Z,0x00000000000000000000000000000000000000000000000000000000000002e6
0x1111111111111111111111111111111111111111,0x2222222222222222222222222222222222222222,44.5,ETH,2026-12-16T23:00:00Z,0x00000000000000000000000000000000000000000000000000000000000002e7
0x2222222222222222222222222222222222222222,0x1111111111111111111111111111111111111111,45.5,USDT,2026-01-17T00:00:00Z,0x00000000000000000000000000000000000000000000000000000000000002e8
0x1111111111111111111111111111111111111111,0x2222222222222222222222222222222222222222,46.5,ETH,2026-02-18T01:00:00Z,0x00000000000000000000000000000000000000000000000000000000000002e9
0x2222222222222222222222222222222222222222,0x1111111111111111111111111111111111111111,47.5,ETH,2026-03-19T02:00:00Z,0x00000000000000000000000000000000000000000000000000000000000002ea
0x1111111111111111111111111111111111111111,0x2222222222222222222222222222222222222222,48.5,USDT,2026-04-20T03:00:00Z,0x00000000000000000000000000000000000000000000000000000000000002eb
0x2222222222222222222222222222222222222222,0x1111111111111111111111111111111111111111,49.5,ETH,2026-05-21T04:00:00Z,0x00000000000000000000000000000000000000000000000000000000000002ec
0x1111111111111111111111111111111111111111,0x2222222222222222222222222222222222222222,50.5,ETH,2026-06-22T05:00:00Z,0x00000000000000000000000000000000000000000000000000000000000002ed
0x2222222222222222222222222222222222222222,0x1111111111111111111111111111111111111111,51.5,USDT,2026-07-23T06:00:00Z,0x00000000000000000000000000000000000000000000000000000000000002ee
0x1111111111111111111111111111111111111111,0x2222222222222222222222222222222222222222,52.5,ETH,2026-08-24T07:00:00Z,0x00000000000000000000000000000000000000000000000000000000000002ef
0x2222222222222222222222222222222222222222,0x1111111111111111111111111111111111111111,53.5,ETH,2026-09-25T08:00:00Z,0x00000000000000000000000000000000000000000000000000000000000002f0
0x1111111111111111111111111111111111111111,0x2222222222222222222222222222222222222222,54.5,USDT,2026-10-26T09:00:00Z,0x00000000000000000000000000000000000000000000000000000000000002f1
0x2222222222222222222222222222222222222222,0x1111111111111111111111111111111111111111,55.5,ETH,2026-11-27T10:00:00Z,0x00000000000000000000000000000000000000000000000000000000000002f2
0x1111111111111111111111111111111111111111,0x2222222222222222222222222222222222222222,56.5,ETH,2026-12-28T11:00:00Z,0x00000000000000000000000000000000000000000000000000000000000002f3
0x2222222222222222222222222222222222222222,0x1111111111111111111111111111111111111111,57.5,USDT,2026-01-01T12:00:00Z,0x00000000000000000000000000000000000000000000000000000000000002f4
0x1111111111111111111111111111111111111111,0x2222222222222222222222222222222222222222,58.5,ETH,2026-02-02T13:00:00Z,0x00000000000000000000000000000000000000000000000000000000000002f5
0x2222222222222222222222222222222222222222,0x1111111111111111111111111111111111111111,59.5,ETH,2026-03-03T14:00:00Z,0x00000000000000000000000000000000000000000000000000000000000002f6
0x1111111111111111111111111111111111111111,0x2222222222222222222222222222222222222222,60.5,USDT,2026-04-04T15:00:00Z,0x00000000000000000000000000000000000000000000000000000000000002f7
0x2222222222222222222222222222222222222222,0x1111111111111111111111111111111111111111,61.5,ETH,2026-05-05T16:00:00Z,0x00000000000000000000000000000000000000000000000000000000000002f8
0x1111111111111111111111111111111111111111,0x2222222222222222222222222222222222222222,62.5,ETH,2026-06-06T17:00:00Z,0x00000000000000000000000000000000000000000000000000000000000002f9
0x2222222222222222222222222222222222222222,0x1111111111111111111111111111111111111111,63.5,USDT,2026-07-07T18:00:00Z,0x00000000000000000000000000000000000000000000000000000000000002fa
0x1111111111111111111111111111111111111111,0x2222222222222222222222222222222222222222,64.5,ETH,2026-08-08T19:00:00Z,0x00000000000000000000000000000000000000000000000000000000000002fb
0x2222222222222222222222222222222222222222,0x1111111111111111111111111111111111111111,65.5,ETH,2026-09-09T20:00:00Z,0x00000000000000000000000000000000000000000000000000000000000002fc
0x1111111111111111111111111111111111111111,0x2222222222222222222222222222222222222222,66.5,USDT,2026-10-10T21:00:00Z,0x00000000000000000000000000000000000000000000000000000000000002fd
0x2222222222222222222222222222222222222222,0x1111111111111111111111111111111111111111,67.5,ETH,2026-11-11T22:00:00Z,0x00000000000000000000000000000000000000000000000000000000000002fe
0x1111111111111111111111111111111111111111,0x2222222222222222222222222222222222222222,68.5,ETH,2026-12-12T23:00:00Z,0x00000000000000000000000000000000000000000000000000000000000002ff
0x2222222222222222222222222222222222222222,0x1111111111111111111111111111111111111111,69.5,USDT,2026-01-13T00:00:00Z,0x0000000000000000000000000000000000000000000000000000000000000300
0x1111111111111111111111111111111111111111,0x2222222222222222222222222222222222222222,70.5,ETH,2026-02-14T01:00:00Z,0x0000000000000000000000000000000000000000000000000000000000000301
0x2222222222222222222222222222222222222222,0x1111111111111111111111111111111111111111,71.5,ETH,2026-03-15T02:00:00Z,0x0000000000000000000000000000000000000000000000000000000000000302
0x1111111111111111111111111111111111111111,0x2222222222222222222222222222222222222222,72.5,USDT,2026-04-16T03:00:00Z,0x0000000000000000000000000000000000000000000000000000000000000303
0x2222222222222222222222222222222222222222,0x1111111111111111111111111111111111111111,73.5,ETH,2026-05-17T04:00:00Z,0x0000000000000000000000000000000000000000000000000000000000000304
0x1111111111111111111111111111111111111111,0x2222222222222222222222222222222222222222,74.5,ETH,2026-06-18T05:00:00Z,0x0000000000000000000000000000000000000000000000000000000000000305
0x2222222222222222222222222222222222222222,0x1111111111111111111111111111111111111111,75.5,USDT,2026-07-19T06:00:00Z,0x0000000000000000000000000000000000000000000000000000000000000306
0x1111111111111111111111111111111111111111,0x2222222222222222222222222222222222222222,76.5,ETH,2026-08-20T07:00:00Z,0x0000000000000000000000000000000000000000000000000000000000000307
0x2222222222222222222222222222222222222222,0x1111111111111111111111111111111111111111,77.5,ETH,2026-09-21T08:00:00Z,0x0000000000000000000000000000000000000000000000000000000000000308
0x1111111111111111111111111111111111111111,0x2222222222222222222222222222222222222222,78.5,USDT,2026-10-22T09:00:00Z,0x0000000000000000000000000000000000000000000000000000000000000309
0x2222222222222222222222222222222222222222,0x1111111111111111111111111111111111111111,79.5,ETH,2026-11-23T10:00:00Z,0x000000000000000000000000000000000000000000000000000000000000030a
0x1111111111111111111111111111111111111111,0x2222222222222222222222222222222222222222,80.5,ETH,2026-12-24T11:00:00Z,0x000000000000000000000000000000000000000000000000000000000000030b
0x2222222222222222222222222222222222222222,0x1111111111111111111111111111111111111111,81.5,USDT,2026-01-25T12:00:00Z,0x000000000000000000000000000000000000000000000000000000000000030c
0x1111111111111111111111111111111111111111,0x2222222222222222222222222222222222222222,82.5,ETH,2026-02-26T13:00:00Z,0x000000000000000000000000000000000000000000000000000000000000030d
0x2222222222222222222222222222222222222222,0x1111111111111111111111111111111111111111,83.5,ETH,2026-03-27T14:00:00Z,0x000000000000000000000000000000000000000000000000000000000000030e
0x1111111111111111111111111111111111111111,0x2222222222222222222222222222222222222222,84.5,USDT,2026-04-28T15:00:00Z,0x000000000000000000000000000000000000000000000000000000000000030f
0x2222222222222222222222222222222222222222,0x1111111111111111111111111111111111111111,85.5,ETH,2026-05-01T16:00:00Z,0x0000000000000000000000000000000000000000000000000000000000000310
0x1111111111111111111111111111111111111111,0x2222222222222222222222222222222222222222,86.5,ETH,2026-06-02T17:00:00Z,0x0000000000000000000000000000000000000000000000000000000000000311
0x2222222222222222222222222222222222222222,0x1111111111111111111111111111111111111111,87.5,USDT,2026-07-03T18:00:00Z,0x0000000000000000000000000000000000000000000000000000000000000312
0x1111111111111111111111111111111111111111,0x2222222222222222222222222222222222222222,88.5,ETH,2026-08-04T19:00:00Z,0x0000000000000000000000000000000000000000000000000000000000000313
0x2222222222222222222222222222222222222222,0x1111111111111111111111111111111111111111,89.5,ETH,2026-09-05T20:00:00Z,0x0000000000000000000000000000000000000000000000000000000000000314
0x1111111111111111111111111111111111111111,0x2222222222222222222222222222222222222222,90.5,USDT,2026-10-06T21:00:00Z,0x0000000000000000000000000000000000000000000000000000000000000315
0x2222222222222222222222222222222222222222,0x1111111111111111111111111111111111111111,91.5,ETH,2026-11-07T22:00:00Z,0x0000000000000000000000000000000000000000000000000000000000000316
0x1111111111111111111111111111111111111111,0x2222222222222222222222222222222222222222,92.5,ETH,2026-12-08T23:00:00Z,0x0000000000000000000000000000000000000000000000000000000000000317
0x2222222222222222222222222222222222222222,0x1111111111111111111111111111111111111111,93.5,USDT,2026-01-09T00:00:00Z,0x0000000000000000000000000000000000000000000000000000000000000318
0x1111111111111111111111111111111111111111,0x2222222222222222222222222222222222222222,94.5,ETH,2026-02-10T01:00:00Z,0x0000000000000000000000000000000000000000000000000000000000000319
0x2222222222222222222222222222222222222222,0x1111111111111111111111111111111111111111,95.5,ETH,2026-03-11T02:00:00Z,0x000000000000000000000000000000000000000000000000000000000000031a
0x1111111111111111111111111111111111111111,0x2222222222222222222222222222222222222222,96.5,USDT,2026-04-12T03:00:00Z,0x000000000000000000000000000000000000000000000000000000000000031b
0x2222222222222222222222222222222222222222,0x1111111111111111111111111111111111111111,97.5,ETH,2026-05-13T04:00:00Z,0x000000000000000000000000000000000000000000000000000000000000031c
0x1111111111111111111111111111111111111111,0x2222222222222222222222222222222222222222,98.5,ETH,2026-06-14T05:00:00Z,0x000000000000000000000000000000000000000000000000000000000000031d
0x2222222222222222222222222222222222222222,0x1111111111111111111111111111111111111111,99.5,USDT,2026-07-15T06:00:00Z,0x000000000000000000000000000000000000000000000000000000000000031e
0x1111111111111111111111111111111111111111,0x2222222222222222222222222222222222222222,100.5,ETH,2026-08-16T07:00:00Z,0x000000000000000000000000000000000000000000000000000000000000031f
0x2222222222222222222222222222222222222222,0x1111111111111111111111111111111111111111,1.5,ETH,2026-09-17T08:00:00Z,0x0000000000000000000000000000000000000000000000000000000000000320
0x1111111111111111111111111111111111111111,0x2222222222222222222222222222222222222222,2.5,USDT,2026-10-18T09:00:00Z,0x0000000000000000000000000000000000000000000000000000000000000321
0x2222222222222222222222222222222222222222,0x1111111111111111111111111111111111111111,3.5,ETH,2026-11-19T10:00:00Z,0x0000000000000000000000000000000000000000000000000000000000000322
0x1111111111111111111111111111111111111111,0x2222222222222222222222222222222222222222,4.5,ETH,2026-12-20T11:00:00Z,0x0000000000000000000000000000000000000000000000000000000000000323
0x2222222222222222222222222222222222222222,0x1111111111111111111111111111111111111111,5.5,USDT,2026-01-21T12:00:00Z,0x0000000000000000000000000000000000000000000000000000000000000324
0x1111111111111111111111111111111111111111,0x2222222222222222222222222222222222222222,6.5,ETH,2026-02-22T13:00:00Z,0x0000000000000000000000000000000000000000000000000000000000000325
0x2222222222222222222222222222222222222222,0x1111111111111111111111111111111111111111,7.5,ETH,2026-03-23T14:00:00Z,0x0000000000000000000000000000000000000000000000000000000000000326
0x1111111111111111111111111111111111111111,0x2222222222222222222222222222222222222222,8.5,USDT,2026-04-24T15:00:00Z,0x0000000000000000000000000000000000000000000000000000000000000327
0x2222222222222222222222222222222222222222,0x1111111111111111111111111111111111111111,9.5,ETH,2026-05-25T16:00:00Z,0x0000000000000000000000000000000000000000000000000000000000000328
0x1111111111111111111111111111111111111111,0x2222222222222222222222222222222222222222,10.5,ETH,2026-06-26T17:00:00Z,0x0000000000000000000000000000000000000000000000000000000000000329
0x2222222222222222222222222222222222222222,0x1111111111111111111111111111111111111111,11.5,USDT,2026-07-27T18:00:00Z,0x000000000000000000000000000000000000000000000000000000000000032a
0x1111111111111111111111111111111111111111,0x2222222222222222222222222222222222222222,12.5,ETH,2026-08-28T19:00:00Z,0x000000000000000000000000000000000000000000000000000000000000032b
0x2222222222222222222222222222222222222222,0x1111111111111111111111111111111111111111,13.5,ETH,2026-09-01T20:00:00Z,0x000000000000000000000000000000000000000000000000000000000000032c
0x1111111111111111111111111111111111111111,0x2222222222222222222222222222222222222222,14.5,USDT,2026-10-02T21:00:00Z,0x000000000000000000000000000000000000000000000000000000000000032d
0x2222222222222222222222222222222222222222,0x1111111111111111111111111111111111111111,15.5,ETH,2026-11-03T22:00:00Z,0x000000000000000000000000000000000000000000000000000000000000032e
0x1111111111111111111111111111111111111111,0x2222222222222222222222222222222222222222,16.5,ETH,2026-12-04T23:00:00Z,0x000000000000000000000000000000000000000000000000000000000000032f
0x2222222222222222222222222222222222222222,0x1111111111111111111111111111111111111111,17.5,USDT,2026-01-05T00:00:00Z,0x0000000000000000000000000000000000000000000000000000000000000330
0x1111111111111111111111111111111111111111,0x2222222222222222222222222222222222222222,18.5,ETH,2026-02-06T01:00:00Z,0x0000000000000000000000000000000000000000000000000000000000000331
0x2222222222222222222222222222222222222222,0x1111111111111111111111111111111111111111,19.5,ETH,2026-03-07T02:00:00Z,0x0000000000000000000000000000000000000000000000000000000000000332
0x1111111111111111111111111111111111111111,0x2222222222222222222222222222222222222222,20.5,USDT,2026-04-08T03:00:00Z,0x0000000000000000000000000000000000000000000000000000000000000333
0x2222222222222222222222222222222222222222,0x1111111111111111111111111111111111111111,21.5,ETH,2026-05-09T04:00:00Z,0x0000000000000000000000000000000000000000000000000000000000000334
0x1111111111111111111111111111111111111111,0x2222222222222222222222222222222222222222,22.5,ETH,2026-06-10T05:00:00Z,0x0000000000000000000000000000000000000000000000000000000000000335
0x2222222222222222222222222222222222222222,0x1111111111111111111111111111111111111111,23.5,USDT,2026-07-11T06:00:00Z,0x0000000000000000000000000000000000000000000000000000000000000336
0x1111111111111111111111111111111111111111,0x2222222222222222222222222222222222222222,24.5,ETH,2026-08-12T07:00:00Z,0x0000000000000000000000000000000000000000000000000000000000000337
0x2222222222222222222222222222222222222222,0x1111111111111111111111111111111111111111,25.5,ETH,2026-09-13T08:00:00Z,0x0000000000000000000000000000000000000000000000000000000000000338
0x1111111111111111111111111111111111111111,0x2222222222222222222222222222222222222222,26.5,USDT,2026-10-14T09:00:00Z,0x0000000000000000000000000000000000000000000000000000000000000339
0x2222222222222222222222222222222222222222,0x1111111111111111111111111111111111111111,27.5,ETH,2026-11-15T10:00:00Z,0x000000000000000000000000000000000000000000000000000000000000033a
0x1111111111111111111111111111111111111111,0x2222222222222222222222222222222222222222,28.5,ETH,2026-12-16T11:00:00Z,0x000000000000000000000000000000000000000000000000000000000000033b
0x2222222222222222222222222222222222222222,0x1111111111111111111111111111111111111111,29.5,USDT,2026-01-17T12:00:00Z,0x000000000000000000000000000000000000000000000000000000000000033c
0x1111111111111111111111111111111111111111,0x2222222222222222222222222222222222222222,30.5,ETH,2026-02-18T13:00:00Z,0x000000000000000000000000000000000000000000000000000000000000033d
0x2222222222222222222222222222222222222222,0x1111111111111111111111111111111111111111,31.5,ETH,2026-03-19T14:00:00Z,0x000000000000000000000000000000000000000000000000000000000000033e
0x1111111111111111111111111111111111111111,0x2222222222222222222222222222222222222222,32.5,USDT,2026-04-20T15:00:00Z,0x000000000000000000000000000000000000000000000000000000000000033f
0x2222222222222222222222222222222222222222,0x1111111111111111111111111111111111111111,33.5,ETH,2026-05-21T16:00:00Z,0x0000000000000000000000000000000000000000000000000000000000000340
0x1111111111111111111111111111111111111111,0x2222222222222222222222222222222222222222,34.5,ETH,2026-06-22T17:00:00Z,0x0000000000000000000000000000000000000000000000000000000000000341
0x2222222222222222222222222222222222222222,0x1111111111111111111111111111111111111111,35.5,USDT,2026-07-23T18:00:00Z,0x0000000000000000000000000000000000000000000000000000000000000342
0x1111111111111111111111111111111111111111,0x2222222222222222222222222222222222222222,36.5,ETH,2026-08-24T19:00:00Z,0x0000000000000000000000000000000000000000000000000000000000000343
0x2222222222222222222222222222222222222222,0x1111111111111111111111111111111111111111,37.5,ETH,2026-09-25T20:00:00Z,0x0000000000000000000000000000000000000000000000000000000000000344
0x1111111111111111111111111111111111111111,0x2222222222222222222222222222222222222222,38.5,USDT,2026-10-26T21:00:00Z,0x0000000000000000000000000000000000000000000000000000000000000345
0x2222222222222222222222222222222222222222,0x1111111111111111111111111111111111111111,39.5,ETH,2026-11-27T22:00:00Z,0x0000000000000000000000000000000000000000000000000000000000000346
0x1111111111111111111111111111111111111111,0x2222222222222222222222222222222222222222,40.5,ETH,2026-12-28T23:00:00Z,0x0000000000000000000000000000000000000000000000000000000000000347
0x2222222222222222222222222222222222222222,0x1111111111111111111111111111111111111111,41.5,USDT,2026-01-01T00:00:00Z,0x0000000000000000000000000000000000000000000000000000000000000348
0x1111111111111111111111111111111111111111,0x2222222222222222222222222222222222222222,42.5,ETH,2026-02-02T01:00:00Z,0x0000000000000000000000000000000000000000000000000000000000000349
0x2222222222222222222222222222222222222222,0x1111111111111111111111111111111111111111,43.5,ETH,2026-03-03T02:00:00Z,0x000000000000000000000000000000000000000000000000000000000000034a
0x1111111111111111111111111111111111111111,0x2222222222222222222222222222222222222222,44.5,USDT,2026-04-04T03:00:00Z,0x000000000000000000000000000000000000000000000000000000000000034b
0x2222222222222222222222222222222222222222,0x1111111111111111111111111111111111111111,45.5,ETH,2026-05-05T04:00:00Z,0x000000000000000000000000000000000000000000000000000000000000034c
0x1111111111111111111111111111111111111111,0x2222222222222222222222222222222222222222,46.5,ETH,2026-06-06T05:00:00Z,0x000000000000000000000000000000000000000000000000000000000000034d
0x2222222222222222222222222222222222222222,0x1111111111111111111111111111111111111111,47.5,USDT,2026-07-07T06:00:00Z,0x000000000000000000000000000000000000000000000000000000000000034e
0x1111111111111111111111111111111111111111,0x2222222222222222222222222222222222222222,48.5,ETH,2026-08-08T07:00:00Z,0x000000000000000000000000000000000000000000000000000000000000034f
0x2222222222222222222222222222222222222222,0x1111111111111111111111111111111111111111,49.5,ETH,2026-09-09T08:00:00Z,0x0000000000000000000000000000000000000000000000000000000000000350
0x1111111111111111111111111111111111111111,0x2222222222222222222222222222222222222222,50.5,USDT,2026-10-10T09:00:00Z,0x0000000000000000000000000000000000000000000000000000000000000351
0x2222222222222222222222222222222222222222,0x1111111111111111111111111111111111111111,51.5,ETH,2026-11-11T10:00:00Z,0x0000000000000000000000000000000000000000000000000000000000000352
0x1111111111111111111111111111111111111111,0x2222222222222222222222222222222222222222,52.5,ETH,2026-12-12T11:00:00Z,0x0000000000000000000000000000000000000000000000000000000000000353
0x2222222222222222222222222222222222222222,0x1111111111111111111111111111111111111111,53.5,USDT,2026-01-13T12:00:00Z,0x0000000000000000000000000000000000000000000000000000000000000354
0x1111111111111111111111111111111111111111,0x2222222222222222222222222222222222222222,54.5,ETH,2026-02-14T13:00:00Z,0x0000000000000000000000000000000000000000000000000000000000000355
0x2222222222222222222222222222222222222222,0x1111111111111111111111111111111111111111,55.5,ETH,2026-03-15T14:00:00Z,0x0000000000000000000000000000000000000000000000000000000000000356
0x1111111111111111111111111111111111111111,0x2222222222222222222222222222222222222222,56.5,USDT,2026-04-16T15:00:00Z,0x0000000000000000000000000000000000000000000000000000000000000357
0x2222222222222222222222222222222222222222,0x1111111111111111111111111111111111111111,57.5,ETH,2026-05-17T16:00:00Z,0x0000000000000000000000000000000000000000000000000000000000000358
0x1111111111111111111111111111111111111111,0x2222222222222222222222222222222222222222,58.5,ETH,2026-06-18T17:00:00Z,0x0000000000000000000000000000000000000000000000000000000000000359
0x2222222222222222222222222222222222222222,0x1111111111111111111111111111111111111111,59.5,USDT,2026-07-19T18:00:00Z,0x000000000000000000000000000000000000000000000000000000000000035a
0x1111111111111111111111111111111111111111,0x2222222222222222222222222222222222222222,60.5,ETH,2026-08-20T19:00:00Z,0x000000000000000000000000000000000000000000000000000000000000035b
0x2222222222222222222222222222222222222222,0x1111111111111111111111111111111111111111,61.5,ETH,2026-09-21T20:00:00Z,0x000000000000000000000000000000000000000000000000000000000000035c
0x1111111111111111111111111111111111111111,0x2222222222222222222222222222222222222222,62.5,USDT,2026-10-22T21:00:00Z,0x000000000000000000000000000000000000000000000000000000000000035d
0x2222222222222222222222222222222222222222,0x1111111111111111111111111111111111111111,63.5,ETH,2026-11-23T22:00:00Z,0x000000000000000000000000000000000000000000000000000000000000035e
0x1111111111111111111111111111111111111111,0x2222222222222222222222222222222222222222,64.5,ETH,2026-12-24T23:00:00Z,0x000000000000000000000000000000000000000000000000000000000000035f
0x2222222222222222222222222222222222222222,0x1111111111111111111111111111111111111111,65.5,USDT,2026-01-25T00:00:00Z,0x0000000000000000000000000000000000000000000000000000000000000360
0x1111111111111111111111111111111111111111,0x2222222222222222222222222222222222222222,66.5,ETH,2026-02-26T01:00:00Z,0x0000000000000000000000000000000000000000000000000000000000000361
0x2222222222222222222222222222222222222222,0x1111111111111111111111111111111111111111,67.5,ETH,2026-03-27T02:00:00Z,0x0000000000000000000000000000000000000000000000000000000000000362
0x1111111111111111111111111111111111111111,0x2222222222222222222222222222222222222222,68.5,USDT,2026-04-28T03:00:00Z,0x0000000000000000000000000000000000000000000000000000000000000363
0x2222222222222222222222222222222222222222,0x1111111111111111111111111111111111111111,69.5,ETH,2026-05-01T04:00:00Z,0x0000000000000000000000000000000000000000000000000000000000000364
0x1111111111111111111111111111111111111111,0x2222222222222222222222222222222222222222,70.5,ETH,2026-06-02T05:00:00Z,0x0000000000000000000000000000000000000000000000000000000000000365
0x2222222222222222222222222222222222222222,0x1111111111111111111111111111111111111111,71.5,USDT,2026-07-03T06:00:00Z,0x0000000000000000000000000000000000000000000000000000000000000366
0x1111111111111111111111111111111111111111,0x2222222222222222222222222222222222222222,72.5,ETH,2026-08-04T07:00:00Z,0x0000000000000000000000000000000000000000000000000000000000000367
0x2222222222222222222222222222222222222222,0x1111111111111111111111111111111111111111,73.5,ETH,2026-09-05T08:00:00Z,0x0000000000000000000000000000000000000000000000000000000000000368
0x1111111111111111111111111111111111111111,0x2222222222222222222222222222222222222222,74.5,USDT,2026-10-06T09:00:00Z,0x0000000000000000000000000000000000000000000000000000000000000369
0x2222222222222222222222222222222222222222,0x1111111111111111111111111111111111111111,75.5,ETH,2026-11-07T10:00:00Z,0x000000000000000000000000000000000000000000000000000000000000036a
0x1111111111111111111111111111111111111111,0x2222222222222222222222222222222222222222,76.5,ETH,2026-12-08T11:00:00Z,0x000000000000000000000000000000000000000000000000000000000000036b
0x2222222222222222222222222222222222222222,0x1111111111111111111111111111111111111111,77.5,USDT,2026-01-09T12:00:00Z,0x000000000000000000000000000000000000000000000000000000000000036c
0x1111111111111111111111111111111111111111,0x2222222222222222222222222222222222222222,78.5,ETH,2026-02-10T13:00:00Z,0x000000000000000000000000000000000000000000000000000000000000036d
0x2222222222222222222222222222222222222222,0x1111111111111111111111111111111111111111,79.5,ETH,2026-03-11T14:00:00Z,0x000000000000000000000000000000000000000000000000000000000000036e
0x1111111111111111111111111111111111111111,0x2222222222222222222222222222222222222222,80.5,USDT,2026-04-12T15:00:00Z,0x000000000000000000000000000000000000000000000000000000000000036f
0x2222222222222222222222222222222222222222,0x1111111111111111111111111111111111111111,81.5,ETH,2026-05-13T16:00:00Z,0x0000000000000000000000000000000000000000000000000000000000000370
0x1111111111111111111111111111111111111111,0x2222222222222222222222222222222222222222,82.5,ETH,2026-06-14T17:00:00Z,0x0000000000000000000000000000000000000000000000000000000000000371
0x2222222222222222222222222222222222222222,0x1111111111111111111111111111111111111111,83.5,USDT,2026-07-15T18:00:00Z,0x0000000000000000000000000000000000000000000000000000000000000372
0x1111111111111111111111111111111111111111,0x2222222222222222222222222222222222222222,84.5,ETH,2026-08-16T19:00:00Z,0x0000000000000000000000000000000000000000000000000000000000000373
0x2222222222222222222222222222222222222222,0x1111111111111111111111111111111111111111,85.5,ETH,2026-09-17T20:00:00Z,0x0000000000000000000000000000000000000000000000000000000000000374
0x1111111111111111111111111111111111111111,0x2222222222222222222222222222222222222222,86.5,USDT,2026-10-18T21:00:00Z,0x0000000000000000000000000000000000000000000000000000000000000375
0x2222222222222222222222222222222222222222,0x1111111111111111111111111111111111111111,87.5,ETH,2026-11-19T22:00:00Z,0x0000000000000000000000000000000000000000000000000000000000000376
0x1111111111111111111111111111111111111111,0x2222222222222222222222222222222222222222,88.5,ETH,2026-12-20T23:00:00Z,0x0000000000000000000000000000000000000000000000000000000000000377
0x2222222222222222222222222222222222222222,0x1111111111111111111111111111111111111111,89.5,USDT,2026-01-21T00:00:00Z,0x0000000000000000000000000000000000000000000000000000000000000378
0x1111111111111111111111111111111111111111,0x2222222222222222222222222222222222222222,90.5,ETH,2026-02-22T01:00:00Z,0x0000000000000000000000000000000000000000000000000000000000000379
0x2222222222222222222222222222222222222222,0x1111111111111111111111111111111111111111,91.5,ETH,2026-03-23T02:00:00Z,0x000000000000000000000000000000000000000000000000000000000000037a
0x1111111111111111111111111111111111111111,0x2222222222222222222222222222222222222222,92.5,USDT,2026-04-24T03:00:00Z,0x000000000000000000000000000000000000000000000000000000000000037b
0x2222222222222222222222222222222222222222,0x1111111111111111111111111111111111111111,93.5,ETH,2026-05-25T04:00:00Z,0x000000000000000000000000000000000000000000000000000000000000037c
0x1111111111111111111111111111111111111111,0x2222222222222222222222222222222222222222,94.5,ETH,2026-06-26T05:00:00Z,0x000000000000000000000000000000000000000000000000000000000000037d
0x2222222222222222222222222222222222222222,0x1111111111111111111111111111111111111111,95.5,USDT,2026-07-27T06:00:00Z,0x000000000000000000000000000000000000000000000000000000000000037e
0x1111111111111111111111111111111111111111,0x2222222222222222222222222222222222222222,96.5,ETH,2026-08-28T07:00:00Z,0x000000000000000000000000000000000000000000000000000000000000037f
0x2222222222222222222222222222222222222222,0x1111111111111111111111111111111111111111,97.5,ETH,2026-09-01T08:00:00Z,0x0000000000000000000000000000000000000000000000000000000000000380
0x1111111111111111111111111111111111111111,0x2222222222222222222222222222222222222222,98.5,USDT,2026-10-02T09:00:00Z,0x0000000000000000000000000000000000000000000000000000000000000381
0x2222222222222222222222222222222222222222,0x1111111111111111111111111111111111111111,99.5,ETH,2026-11-03T10:00:00Z,0x0000000000000000000000000000000000000000000000000000000000000382
0x1111111111111111111111111111111111111111,0x2222222222222222222222222222222222222222,100.5,ETH,2026-12-04T11:00:00Z,0x0000000000000000000000000000000000000000000000000000000000000383
0x2222222222222222222222222222222222222222,0x1111111111111111111111111111111111111111,1.5,USDT,2026-01-05T12:00:00Z,0x0000000000000000000000000000000000000000000000000000000000000384
0x1111111111111111111111111111111111111111,0x2222222222222222222222222222222222222222,2.5,ETH,2026-02-06T13:00:00Z,0x0000000000000000000000000000000000000000000000000000000000000385
0x2222222222222222222222222222222222222222,0x1111111111111111111111111111111111111111,3.5,ETH,2026-03-07T14:00:00Z,0x0000000000000000000000000000000000000000000000000000000000000386
0x1111111111111111111111111111111111111111,0x2222222222222222222222222222222222222222,4.5,USDT,2026-04-08T15:00:00Z,0x0000000000000000000000000000000000000000000000000000000000000387
0x2222222222222222222222222222222222222222,0x1111111111111111111111111111111111111111,5.5,ETH,2026-05-09T16:00:00Z,0x0000000000000000000000000000000000000000000000000000000000000388
0x1111111111111111111111111111111111111111,0x2222222222222222222222222222222222222222,6.5,ETH,2026-06-10T17:00:00Z,0x0000000000000000000000000000000000000000000000000000000000000389
0x2222222222222222222222222222222222222222,0x1111111111111111111111111111111111111111,7.5,USDT,2026-07-11T18:00:00Z,0x000000000000000000000000000000000000000000000000000000000000038a
0x1111111111111111111111111111111111111111,0x2222222222222222222222222222222222222222,8.5,ETH,2026-08-12T19:00:00Z,0x000000000000000000000000000000000000000000000000000000000000038b
0x2222222222222222222222222222222222222222,0x1111111111111111111111111111111111111111,9.5,ETH,2026-09-13T20:00:00Z,0x000000000000000000000000000000000000000000000000000000000000038c
0x1111111111111111111111111111111111111111,0x2222222222222222222222222222222222222222,10.5,USDT,2026-10-14T21:00:00Z,0x000000000000000000000000000000000000000000000000000000000000038d
0x2222222222222222222222222222222222222222,0x1111111111111111111111111111111111111111,11.5,ETH,2026-11-15T22:00:00Z,0x000000000000000000000000000000000000000000000000000000000000038e
0x1111111111111111111111111111111111111111,0x2222222222222222222222222222222222222222,12.5,ETH,2026-12-16T23:00:00Z,0x000000000000000000000000000000000000000000000000000000000000038f
0x2222222222222222222222222222222222222222,0x1111111111111111111111111111111111111111,13.5,USDT,2026-01-17T00:00:00Z,0x0000000000000000000000000000000000000000000000000000000000000390
0x1111111111111111111111111111111111111111,0x2222222222222222222222222222222222222222,14.5,ETH,2026-02-18T01:00:00Z,0x0000000000000000000000000000000000000000000000000000000000000391
0x2222222222222222222222222222222222222222,0x1111111111111111111111111111111111111111,15.5,ETH,2026-03-19T02:00:00Z,0x0000000000000000000000000000000000000000000000000000000000000392
0x1111111111111111111111111111111111111111,0x2222222222222222222222222222222222222222,16.5,USDT,2026-04-20T03:00:00Z,0x0000000000000000000000000000000000000000000000000000000000000393
0x2222222222222222222222222222222222222222,0x1111111111111111111111111111111111111111,17.5,ETH,2026-05-21T04:00:00Z,0x0000000000000000000000000000000000000000000000000000000000000394
0x1111111111111111111111111111111111111111,0x2222222222222222222222222222222222222222,18.5,ETH,2026-06-22T05:00:00Z,0x0000000000000000000000000000000000000000000000000000000000000395
0x2222222222222222222222222222222222222222,0x1111111111111111111111111111111111111111,19.5,USDT,2026-07-23T06:00:00Z,0x0000000000000000000000000000000000000000000000000000000000000396
0x1111111111111111111111111111111111111111,0x2222222222222222222222222222222222222222,20.5,ETH,2026-08-24T07:00:00Z,0x0000000000000000000000000000000000000000000000000000000000000397
0x2222222222222222222222222222222222222222,0x1111111111111111111111111111111111111111,21.5,ETH,2026-09-25T08:00:00Z,0x0000000000000000000000000000000000000000000000000000000000000398
0x1111111111111111111111111111111111111111,0x2222222222222222222222222222222222222222,22.5,USDT,2026-10-26T09:00:00Z,0x0000000000000000000000000000000000000000000000000000000000000399
0x2222222222222222222222222222222222222222,0x1111111111111111111111111111111111111111,23.5,ETH,2026-11-27T10:00:00Z,0x000000000000000000000000000000000000000000000000000000000000039a
0x1111111111111111111111111111111111111111,0x2222222222222222222222222222222222222222,24.5,ETH,2026-12-28T11:00:00Z,0x000000000000000000000000000000000000000000000000000000000000039b
0x2222222222222222222222222222222222222222,0x1111111111111111111111111111111111111111,25.5,USDT,2026-01-01T12:00:00Z,0x000000000000000000000000000000000000000000000000000000000000039c
0x1111111111111111111111111111111111111111,0x2222222222222222222222222222222222222222,26.5,ETH,2026-02-02T13:00:00Z,0x000000000000000000000000000000000000000000000000000000000000039d
0x2222222222222222222222222222222222222222,0x1111111111111111111111111111111111111111,27.5,ETH,2026-03-03T14:00:00Z,0x000000000000000000000000000000000000000000000000000000000000039e
0x1111111111111111111111111111111111111111,0x2222222222222222222222222222222222222222,28.5,USDT,2026-04-04T15:00:00Z,0x000000000000000000000000000000000000000000000000000000000000039f
0x2222222222222222222222222222222222222222,0x1111111111111111111111111111111111111111,29.5,ETH,2026-05-05T16:00:00Z,0x00000000000000000000000000000000000000000000000000000000000003a0
0x1111111111111111111111111111111111111111,0x2222222222222222222222222222222222222222,30.5,ETH,2026-06-06T17:00:00Z,0x00000000000000000000000000000000000000000000000000000000000003a1
0x2222222222222222222222222222222222222222,0x1111111111111111111111111111111111111111,31.5,USDT,2026-07-07T18:00:00Z,0x00000000000000000000000000000000000000000000000000000000000003a2
0x1111111111111111111111111111111111111111,0x2222222222222222222222222222222222222222,32.5,ETH,2026-08-08T19:00:00Z,0x00000000000000000000000000000000000000000000000000000000000003a3
0x2222222222222222222222222222222222222222,0x1111111111111111111111111111111111111111,33.5,ETH,2026-09-09T20:00:00Z,0x00000000000000000000000000000000000000000000000000000000000003a4
0x1111111111111111111111111111111111111111,0x2222222222222222222222222222222222222222,34.5,USDT,2026-10-10T21:00:00Z,0x00000000000000000000000000000000000000000000000000000000000003a5
0x2222222222222222222222222222222222222222,0x1111111111111111111111111111111111111111,35.5,ETH,2026-11-11T22:00:00Z,0x00000000000000000000000000000000000000000000000000000000000003a6
0x1111111111111111111111111111111111111111,0x2222222222222222222222222222222222222222,36.5,ETH,2026-12-12T23:00:00Z,0x00000000000000000000000000000000000000000000000000000000000003a7
0x2222222222222222222222222222222222222222,0x1111111111111111111111111111111111111111,37.5,USDT,2026-01-13T00:00:00Z,0x00000000000000000000000000000000000000000000000000000000000003a8
0x1111111111111111111111111111111111111111,0x2222222222222222222222222222222222222222,38.5,ETH,2026-02-14T01:00:00Z,0x00000000000000000000000000000000000000000000000000000000000003a9
0x2222222222222222222222222222222222222222,0x1111111111111111111111111111111111111111,39.5,ETH,2026-03-15T02:00:00Z,0x00000000000000000000000000000000000000000000000000000000000003aa
0x1111111111111111111111111111111111111111,0x2222222222222222222222222222222222222222,40.5,USDT,2026-04-16T03:00:00Z,0x00000000000000000000000000000000000000000000000000000000000003ab
0x2222222222222222222222222222222222222222,0x1111111111111111111111111111111111111111,41.5,ETH,2026-05-17T04:00:00Z,0x00000000000000000000000000000000000000000000000000000000000003ac
0x1111111111111111111111111111111111111111,0x2222222222222222222222222222222222222222,42.5,ETH,2026-06-18T05:00:00Z,0x00000000000000000000000000000000000000000000000000000000000003ad
0x2222222222222222222222222222222222222222,0x1111111111111111111111111111111111111111,43.5,USDT,2026-07-19T06:00:00Z,0x00000000000000000000000000000000000000000000000000000000000003ae
0x1111111111111111111111111111111111111111,0x2222222222222222222222222222222222222222,44.5,ETH,2026-08-20T07:00:00Z,0x00000000000000000000000000000000000000000000000000000000000003af
0x2222222222222222222222222222222222222222,0x1111111111111111111111111111111111111111,45.5,ETH,2026-09-21T08:00:00Z,0x00000000000000000000000000000000000000000000000000000000000003b0
0x1111111111111111111111111111111111111111,0x2222222222222222222222222222222222222222,46.5,USDT,2026-10-22T09:00:00Z,0x00000000000000000000000000000000000000000000000000000000000003b1
0x2222222222222222222222222222222222222222,0x1111111111111111111111111111111111111111,47.5,ETH,2026-11-23T10:00:00Z,0x00000000000000000000000000000000000000000000000000000000000003b2
0x1111111111111111111111111111111111111111,0x2222222222222222222222222222222222222222,48.5,ETH,2026-12-24T11:00:00Z,0x00000000000000000000000000000000000000000000000000000000000003b3
0x2222222222222222222222222222222222222222,0x1111111111111111111111111111111111111111,49.5,USDT,2026-01-25T12:00:00Z,0x00000000000000000000000000000000000000000000000000000000000003b4
0x1111111111111111111111111111111111111111,0x2222222222222222222222222222222222222222,50.5,ETH,2026-02-26T13:00:00Z,0x00000000000000000000000000000000000000000000000000000000000003b5
0x2222222222222222222222222222222222222222,0x1111111111111111111111111111111111111111,51.5,ETH,2026-03-27T14:00:00Z,0x00000000000000000000000000000000000000000000000000000000000003b6
0x1111111111111111111111111111111111111111,0x2222222222222222222222222222222222222222,52.5,USDT,2026-04-28T15:00:00Z,0x00000000000000000000000000000000000000000000000000000000000003b7
0x2222222222222222222222222222222222222222,0x1111111111111111111111111111111111111111,53.5,ETH,2026-05-01T16:00:00Z,0x00000000000000000000000000000000000000000000000000000000000003b8
0x1111111111111111111111111111111111111111,0x2222222222222222222222222222222222222222,54.5,ETH,2026-06-02T17:00:00Z,0x00000000000000000000000000000000000000000000000000000000000003b9
0x2222222222222222222222222222222222222222,0x1111111111111111111111111111111111111111,55.5,USDT,2026-07-03T18:00:00Z,0x00000000000000000000000000000000000000000000000000000000000003ba
0x1111111111111111111111111111111111111111,0x2222222222222222222222222222222222222222,56.5,ETH,2026-08-04T19:00:00Z,0x00000000000000000000000000000000000000000000000000000000000003bb
0x2222222222222222222222222222222222222222,0x1111111111111111111111111111111111111111,57.5,ETH,2026-09-05T20:00:00Z,0x00000000000000000000000000000000000000000000000000000000000003bc
0x1111111111111111111111111111111111111111,0x2222222222222222222222222222222222222222,58.5,USDT,2026-10-06T21:00:00Z,0x00000000000000000000000000000000000000000000000000000000000003bd
0x2222222222222222222222222222222222222222,0x1111111111111111111111111111111111111111,59.5,ETH,2026-11-07T22:00:00Z,0x00000000000000000000000000000000000000000000000000000000000003be
0x1111111111111111111111111111111111111111,0x2222222222222222222222222222222222222222,60.5,ETH,2026-12-08T23:00:00Z,0x00000000000000000000000000000000000000000000000000000000000003bf
0x2222222222222222222222222222222222222222,0x1111111111111111111111111111111111111111,61.5,USDT,2026-01-09T00:00:00Z,0x00000000000000000000000000000000000000000000000000000000000003c0
0x1111111111111111111111111111111111111111,0x2222222222222222222222222222222222222222,62.5,ETH,2026-02-10T01:00:00Z,0x00000000000000000000000000000000000000000000000000000000000003c1
0x2222222222222222222222222222222222222222,0x1111111111111111111111111111111111111111,63.5,ETH,2026-03-11T02:00:00Z,0x00000000000000000000000000000000000000000000000000000000000003c2
0x1111111111111111111111111111111111111111,0x2222222222222222222222222222222222222222,64.5,USDT,2026-04-12T03:00:00Z,0x00000000000000000000000000000000000000000000000000000000000003c3
0x2222222222222222222222222222222222222222,0x1111111111111111111111111111111111111111,65.5,ETH,2026-05-13T04:00:00Z,0x00000000000000000000000000000000000000000000000000000000000003c4
0x1111111111111111111111111111111111111111,0x2222222222222222222222222222222222222222,66.5,ETH,2026-06-14T05:00:00Z,0x00000000000000000000000000000000000000000000000000000000000003c5
0x2222222222222222222222222222222222222222,0x1111111111111111111111111111111111111111,67.5,USDT,2026-07-15T06:00:00Z,0x00000000000000000000000000000000000000000000000000000000000003c6
0x1111111111111111111111111111111111111111,0x2222222222222222222222222222222222222222,68.5,ETH,2026-08-16T07:00:00Z,0x00000000000000000000000000000000000000000000000000000000000003c7
0x2222222222222222222222222222222222222222,0x1111111111111111111111111111111111111111,69.5,ETH,2026-09-17T08:00:00Z,0x00000000000000000000000000000000000000000000000000000000000003c8
0x1111111111111111111111111111111111111111,0x2222222222222222222222222222222222222222,70.5,USDT,2026-10-18T09:00:00Z,0x00000000000000000000000000000000000000000000000000000000000003c9
0x2222222222222222222222222222222222222222,0x1111111111111111111111111111111111111111,71.5,ETH,2026-11-19T10:00:00Z,0x00000000000000000000000000000000000000000000000000000000000003ca
0x1111111111111111111111111111111111111111,0x2222222222222222222222222222222222222222,72.5,ETH,2026-12-20T11:00:00Z,0x00000000000000000000000000000000000000000000000000000000000003cb
0x2222222222222222222222222222222222222222,0x1111111111111111111111111111111111111111,73.5,USDT,2026-01-21T12:00:00Z,0x00000000000000000000000000000000000000000000000000000000000003cc
0x1111111111111111111111111111111111111111,0x2222222222222222222222222222222222222222,74.5,ETH,2026-02-22T13:00:00Z,0x00000000000000000000000000000000000000000000000000000000000003cd
0x2222222222222222222222222222222222222222,0x1111111111111111111111111111111111111111,75.5,ETH,2026-03-23T14:00:00Z,0x00000000000000000000000000000000000000000000000000000000000003ce
0x1111111111111111111111111111111111111111,0x2222222222222222222222222222222222222222,76.5,USDT,2026-04-24T15:00:00Z,0x00000000000000000000000000000000000000000000000000000000000003cf
0x2222222222222222222222222222222222222222,0x1111111111111111111111111111111111111111,77.5,ETH,2026-05-25T16:00:00Z,0x00000000000000000000000000000000000000000000000000000000000003d0
0x1111111111111111111111111111111111111111,0x2222222222222222222222222222222222222222,78.5,ETH,2026-06-26T17:00:00Z,0x00000000000000000000000000000000000000000000000000000000000003d1
0x2222222222222222222222222222222222222222,0x1111111111111111111111111111111111111111,79.5,USDT,2026-07-27T18:00:00Z,0x00000000000000000000000000000000000000000000000000000000000003d2
0x1111111111111111111111111111111111111111,0x2222222222222222222222222222222222222222,80.5,ETH,2026-08-28T19:00:00Z,0x00000000000000000000000000000000000000000000000000000000000003d3
0x2222222222222222222222222222222222222222,0x1111111111111111111111111111111111111111,81.5,ETH,2026-09-01T20:00:00Z,0x00000000000000000000000000000000000000000000000000000000000003d4
0x1111111111111111111111111111111111111111,0x2222222222222222222222222222222222222222,82.5,USDT,2026-10-02T21:00:00Z,0x00000000000000000000000000000000000000000000000000000000000003d5
0x2222222222222222222222222222222222222222,0x1111111111111111111111111111111111111111,83.5,ETH,2026-11-03T22:00:00Z,0x00000000000000000000000000000000000000000000000000000000000003d6
0x1111111111111111111111111111111111111111,0x2222222222222222222222222222222222222222,84.5,ETH,2026-12-04T23:00:00Z,0x00000000000000000000000000000000000000000000000000000000000003d7
0x2222222222222222222222222222222222222222,0x1111111111111111111111111111111111111111,85.5,USDT,2026-01-05T00:00:00Z,0x00000000000000000000000000000000000000000000000000000000000003d8
0x1111111111111111111111111111111111111111,0x2222222222222222222222222222222222222222,86.5,ETH,2026-02-06T01:00:00Z,0x00000000000000000000000000000000000000000000000000000000000003d9
0x2222222222222222222222222222222222222222,0x1111111111111111111111111111111111111111,87.5,ETH,2026-03-07T02:00:00Z,0x00000000000000000000000000000000000000000000000000000000000003da
0x1111111111111111111111111111111111111111,0x2222222222222222222222222222222222222222,88.5,USDT,2026-04-08T03:00:00Z,0x00000000000000000000000000000000000000000000000000000000000003db
0x2222222222222222222222222222222222222222,0x1111111111111111111111111111111111111111,89.5,ETH,2026-05-09T04:00:00Z,0x00000000000000000000000000000000000000000000000000000000000003dc
0x1111111111111111111111111111111111111111,0x2222222222222222222222222222222222222222,90.5,ETH,2026-06-10T05:00:00Z,0x00000000000000000000000000000000000000000000000000000000000003dd
0x2222222222222222222222222222222222222222,0x1111111111111111111111111111111111111111,91.5,USDT,2026-07-11T06:00:00Z,0x00000000000000000000000000000000000000000000000000000000000003de
0x1111111111111111111111111111111111111111,0x2222222222222222222222222222222222222222,92.5,ETH,2026-08-12T07:00:00Z,0x00000000000000000000000000000000000000000000000000000000000003df
0x2222222222222222222222222222222222222222,0x1111111111111111111111111111111111111111,93.5,ETH,2026-09-13T08:00:00Z,0x00000000000000000000000000000000000000000000000000000000000003e0
0x1111111111111111111111111111111111111111,0x2222222222222222222222222222222222222222,94.5,USDT,2026-10-14T09:00:00Z,0x00000000000000000000000000000000000000000000000000000000000003e1
0x2222222222222222222222222222222222222222,0x1111111111111111111111111111111111111111,95.5,ETH,2026-11-15T10:00:00Z,0x00000000000000000000000000000000000000000000000000000000000003e2
0x1111111111111111111111111111111111111111,0x2222222222222222222222222222222222222222,96.5,ETH,2026-12-16T11:00:00Z,0x00000000000000000000000000000000000000000000000000000000000003e3
0x2222222222222222222222222222222222222222,0x1111111111111111111111111111111111111111,97.5,USDT,2026-01-17T12:00:00Z,0x00000000000000000000000000000000000000000000000000000000000003e4
0x1111111111111111111111111111111111111111,0x2222222222222222222222222222222222222222,98.5,ETH,2026-02-18T13:00:00Z,0x00000000000000000000000000000000000000000000000000000000000003e5
0x2222222222222222222222222222222222222222,0x1111111111111111111111111111111111111111,99.5,ETH,2026-03-19T14:00:00Z,0x00000000000000000000000000000000000000000000000000000000000003e6
0x1111111111111111111111111111111111111111,0x2222222222222222222222222222222222222222,100.5,USDT,2026-04-20T15:00:00Z,0x00000000000000000000000000000000000000000000000000000000000003e7
